{"stats":{"minecraft:mined":{"minecraft:andesite":14,"minecraft:granite":17,"minecraft:grass_block":2,"minecraft:dirt":6,"minecraft:spruce_leaves":3,"ars_nouveau:sourceberry_bush":1,"minecraft:stone":213,"pots_and_mimics:treasure_pot":1,"minecraft:diorite":4,"minecraft:oak_leaves":1},"minecraft:picked_up":{"minecraft:stick":1,"minecraft:andesite":14,"minecraft:diorite":4,"minecraft:dirt":2,"minecraft:stone_sword":1,"tombstone:scroll_of_knowledge":1,"minecraft:granite":16,"minecraft:cooked_chicken":1,"ars_nouveau:sourceberry_bush":3,"minecraft:rabbit":1,"minecraft:cobblestone":196},"minecraft:used":{"minecraft:stone_sword":24,"minecraft:zombie_head":2,"minecraft:iron_helmet":1,"minecraft:leather_chestplate":1,"minecraft:cooked_chicken":1,"minecraft:dirt":1,"minecraft:cobblestone":62,"minecraft:written_book":2,"minecraft:chainmail_boots":1,"ars_nouveau:sourceberry_bush":4,"tombstone:gift":1,"alexsmobs:animal_dictionary":1,"structurize:sceptergold":1,"minecraft:chainmail_leggings":1},"minecraft:custom":{"minecraft:time_since_rest":7710,"minecraft:interact_with_furnace":1,"minecraft:sprint_one_cm":20963,"lootr:looted_stat":2,"minecraft:damage_taken":551,"minecraft:walk_one_cm":123879,"minecraft:mob_kills":1,"minecraft:drop":1,"minecraft:damage_dealt":226,"minecraft:talked_to_villager":1,"minecraft:fly_one_cm":28477,"minecraft:open_chest":13,"minecraft:crouch_one_cm":1353,"minecraft:play_time":101699,"minecraft:deaths":2,"minecraft:sneak_time":281,"minecraft:jump":296,"minecraft:damage_dealt_resisted":0,"minecraft:climb_one_cm":581,"minecraft:time_since_death":10109,"minecraft:sleep_in_bed":1,"minecraft:total_world_time":101699,"minecraft:fall_one_cm":15761},"minecraft:killed_by":{"cave_dweller:cave_dweller":1},"minecraft:killed":{"alexsmobs:fly":1},"minecraft:dropped":{"minecraft:dirt":1}},"DataVersion":3465}