{"stats":{"minecraft:killed_by":{"minecraft:creeper":1,"minecraft:pillager":1,"realmrpg_creep:creepling":1,"realmrpg_creep:halloweed":1,"minecraft:vindicator":2,"iceandfire:ice_dragon":1,"minecraft:zombie":4,"iceandfire:fire_dragon":2,"minecraft:player":1,"realmrpg_demons:chort":3,"minecraft:spider":1,"evilcraft:vengeance_spirit":1,"minecraft:warden":2,"mutantmonsters:mutant_skeleton":1,"minecraft:skeleton":5,"cave_dweller:cave_dweller":1},"minecraft:killed":{"vampirism:vampire":14,"minecraft:witch":1,"vampirism:advanced_vampire":2,"minecraft:spider":46,"irons_spellbooks:cryomancer":1,"minecraft:skeleton":11,"vampirism:blinding_bat":12,"minecraft:chicken":1,"realmrpg_demons:chort":6,"minecraft:silverfish":4,"vampirism:advanced_hunter":2,"iceandfire:dread_scuttler":1,"realmrpg_creep:creepling":2,"minecraft:zombie_villager":3,"minecraft:salmon":3,"ars_nouveau:bookwyrm":2,"mutantmonsters:mutant_skeleton":1,"vampirism:hunter":4,"minecraft:sheep":3,"minecraft:pillager":11,"irons_spellbooks:summoned_vex":2,"minecraft:donkey":1,"minecraft:zombie":31,"alexsmobs:terrapin":1,"minecraft:stray":4,"alexsmobs:fly":1,"minecraft:cow":6,"minecraft:evoker":2,"minecraft:vex":4,"realmrpg_creep:halloweed":2,"minecraft:vindicator":3,"iceandfire:dread_beast":2,"minecraft:phantom":1,"eyesinthedarkness:eyes":1,"iceandfire:dread_thrall":2,"alexsmobs:blue_jay":1,"graveyard:ghoul":1,"minecraft:bat":3,"majruszsdifficulty:cursed_armor":1,"minecraft:squid":4,"alexsmobs:catfish":3,"iceandfire:ghost":5,"mutantmonsters:mutant_zombie":1,"minecraft:villager":2,"minecraft:enderman":1},"minecraft:used":{"iceandfire:lectern":2,"minecraft:light_blue_banner":1,"minecraft:iron_shovel":50,"minecraft:diamond_hoe":62,"minecraft:iron_sword":742,"minecraft:smooth_sandstone_stairs":2,"minecraft:rotten_flesh":1,"minecraft:carrot":7,"minecraft:stripped_dark_oak_wood":1,"minecraft:iron_helmet":2,"minecraft:dark_oak_slab":4,"minecraft:written_book":3,"mutantmonsters:hulk_hammer":4,"ars_nouveau:sourceberry_bush":4,"apotheosis:dormant_deepshelf":14,"minecraft:egg":1,"vampirism:weapon_table":1,"alexsmobs:raw_catfish":2,"minecraft:diorite":1,"occultism:datura_seeds":4,"minecraft:stone_pickaxe":97,"minecraft:leather_chestplate":1,"minecraft:cookie":6,"ars_nouveau:bookwyrm_charm":4,"primalmagick:bloody_flesh":1,"vampirism:hunter_coat_head_ultimate":1,"ars_nouveau:archwood_planks":4,"vampirism:stake":264,"minecraft:deepslate_tiles":14,"waystones:waystone":1,"vampirism:basic_crossbow":7,"minecraft:zombie_head":2,"minecraft:bread":161,"tombstone:grave_key":3,"minecraft:chainmail_boots":1,"vampirism:med_chair":2,"minecraft:andesite":1,"iceandfire:silver_sword":791,"minecraft:stone_sword":88,"minecraft:enchanting_table":1,"minecraft:experience_bottle":8,"minecraft:trident":2,"sophisticatedbackpacks:iron_backpack":5,"minecraft:cooked_salmon":1,"minecraft:cooked_chicken":2,"minecraft:torch":33,"minecraft:dirt":12,"minecraft:anvil":1,"minecraft:golden_shovel":32,"minecraft:dark_oak_planks":3,"realmrpg_creep:creeping_sprout":5,"minecraft:iron_axe":268,"minecraft:smooth_sandstone":5,"tombstone:gift":8,"minecraft:cooked_beef":11,"irons_spellbooks:pedestal":1,"minecraft:cobbled_deepslate":23,"sophisticatedbackpacks:gold_backpack":4,"minecraft:iron_leggings":1,"minecraft:baked_potato":1,"minecraft:stonecutter":1,"graveyard:ossuary":1,"minecraft:crafting_table":4,"evilcraft:flesh_werewolf":1,"majruszsdifficulty:recall_potion":2,"allomancy:lerasium_nugget":1,"minecraft:cake":1,"minecraft:diamond_pickaxe":166,"minecraft:apple":2,"minecraft:iron_pickaxe":387,"majruszsdifficulty:pillager_treasure_bag":1,"tombstone:magic_scroll":1,"vampirism:hunter_coat_head_normal":1,"minecraft:cobblestone":77,"minecraft:potion":2,"majruszsdifficulty:warden_treasure_bag":1,"minecraft:pumpkin_pie":8,"structurize:sceptergold":1,"alexsmobs:animal_dictionary":1,"evilcraft:werewolf_spawn_egg":1,"irons_spellbooks:inscription_table":1,"minecraft:chainmail_leggings":1},"minecraft:broken":{"minecraft:iron_boots":1,"minecraft:iron_chestplate":2,"minecraft:golden_shovel":1,"minecraft:iron_leggings":1,"consecration:fire_stick":1,"iceandfire:silver_sword":1,"minecraft:chainmail_boots":1,"minecraft:stone_pickaxe":1,"minecraft:iron_sword":3,"minecraft:stone_sword":1,"vampirism:stake":4,"minecraft:leather_chestplate":1,"vampirism:hunter_coat_head_ultimate":1,"minecraft:iron_axe":1,"minecraft:leather_boots":2,"minecraft:iron_helmet":1},"minecraft:crafted":{"mutantmonsters:mutant_skeleton_leggings":1,"minecraft:oak_planks":17,"ars_nouveau:archwood_planks":1,"vampirism:med_chair":1,"iceandfire:lectern":1,"minecraft:stone":3,"vampirism:crossbow_arrow_normal":8,"mutantmonsters:mutant_skeleton_arms":1,"tombstone:grave_key":1,"mutantmonsters:mutant_skeleton_boots":1,"minecraft:chest":1,"vampirism:stake":6,"mutantmonsters:mutant_skeleton_rib_cage":1,"minecraft:deepslate":67,"sophisticatedbackpacks:backpack":1,"minecraft:crafting_table":3,"minecraft:spruce_planks":6,"minecraft:cracked_deepslate_tiles":49,"minecraft:diamond_pickaxe":1,"minecraft:stick":81,"minecraft:iron_ingot":29,"minecraft:iron_block":4,"iceandfire:silver_sword":3,"apotheosis:dormant_deepshelf":8,"minecraft:raw_iron":23,"mutantmonsters:mutant_skeleton_chestplate":1,"minecraft:leather":5,"minecraft:iron_axe":1,"minecraft:stone_pickaxe":1,"minecraft:dark_oak_planks":1,"minecraft:wheat":10,"sophisticatedbackpacks:iron_backpack":1,"minecraft:cooked_beef":7,"iceandfire:silver_ingot":5,"minecraft:enchanting_table":1,"minecraft:cooked_salmon":1,"sophisticatedbackpacks:gold_backpack":1,"minecraft:bread":39,"minecraft:air":490,"iceandfire:bestiary":1,"minecraft:stonecutter":1,"minecraft:anvil":1,"minecraft:torch":8,"minecraft:golden_hoe":1},"minecraft:custom":{"lootr:looted_stat":116,"minecraft:interact_with_crafting_table":41,"minecraft:bell_ring":1,"minecraft:eat_cake_slice":11,"minecraft:leave_game":6,"minecraft:time_since_death":712,"minecraft:damage_resisted":40,"minecraft:sprint_one_cm":566038,"minecraft:drop":226,"minecraft:play_noteblock":9,"minecraft:talked_to_villager":11,"minecraft:play_time":702668,"minecraft:deaths":33,"minecraft:jump":7115,"minecraft:walk_on_water_one_cm":211189,"minecraft:enchant_item":1,"minecraft:interact_with_furnace":68,"minecraft:sleep_in_bed":5,"minecraft:waystone_activated":4,"minecraft:damage_dealt":66380,"minecraft:player_kills":2,"minecraft:crouch_one_cm":68469,"tombstone:undead_killed":62,"tombstone:villager_killed":2,"minecraft:interact_with_smoker":1,"minecraft:interact_with_anvil":3,"minecraft:mob_kills":237,"minecraft:damage_dealt_resisted":45134,"minecraft:climb_one_cm":15942,"minecraft:walk_one_cm":2010516,"vampirism:capture_village":1,"minecraft:damage_dealt_absorbed":80,"minecraft:raid_win":1,"minecraft:sneak_time":17566,"minecraft:walk_under_water_one_cm":96579,"minecraft:total_world_time":702668,"vampirism:win_village_capture":2,"tombstone:raider_killed":18,"minecraft:tune_noteblock":17,"minecraft:raid_trigger":1,"minecraft:interact_with_stonecutter":3,"minecraft:time_since_rest":197,"minecraft:damage_absorbed":833,"minecraft:damage_taken":18040,"minecraft:trigger_trapped_chest":2,"tombstone:cast_on_ally":0,"minecraft:swim_one_cm":229157,"minecraft:fly_one_cm":1160708,"minecraft:open_chest":146,"vampirism:defend_village":1,"minecraft:fall_one_cm":177099},"minecraft:mined":{"minecraft:sculk_vein":7,"sophisticatedbackpacks:gold_backpack":1,"minecraft:potted_crimson_fungus":1,"minecraft:granite":82,"minecraft:grass_block":83,"sophisticatedbackpacks:iron_backpack":1,"iceandfire:lectern":1,"minecraft:orange_candle":1,"vampirism:weapon_table":1,"minecraft:deepslate_bricks":1,"allomancy:aluminum_ore":6,"ars_nouveau:sourceberry_bush":1,"minecraft:chiseled_stone_bricks":1,"realmrpg_skeletons:dungeon_crawler_skeleton":1,"minecraft:spawner":3,"theurgy:deepslate_sal_ammoniac_ore":7,"minecraft:raw_iron_block":23,"allomancy:deepslate_cadmium_ore":3,"minecraft:sculk_catalyst":2,"minecraft:cobbled_deepslate":2,"minecraft:iron_ore":15,"graveyard:ossuary":1,"minecraft:pumpkin":2,"minecraft:deepslate_lapis_ore":3,"minecraft:stripped_dark_oak_wood":2,"create:asurine":24,"realmrpg_skeletons:rookie_skeleton":1,"minecraft:dark_oak_stairs":6,"ars_nouveau:red_archwood_log":24,"minecraft:sculk_shrieker":3,"primalmagick:sunwood_log":5,"minecraft:dirt_path":5,"minecraft:iron_bars":3,"minecraft:deepslate_brick_stairs":3,"minecraft:smooth_sandstone_stairs":3,"occultism:silver_ore":2,"create:veridium":15,"minecraft:white_banner":1,"minecraft:spruce_slab":3,"minecraft:deepslate_redstone_ore":1,"irons_spellbooks:pedestal":1,"lootr:lootr_chest":1,"minecraft:polished_deepslate_stairs":2,"minecraft:deepslate_tile_slab":2,"minecraft:smoker":1,"minecraft:powder_snow":33,"minecraft:torch":1,"minecraft:note_block":1,"iceandfire:ghost_chest":1,"paganbless:belladonna_plant":1,"minecraft:cobblestone":22,"minecraft:oak_planks":5,"minecraft:chain":1,"minecraft:dark_oak_slab":4,"minecraft:birch_log":6,"apotheosis:dormant_deepshelf":7,"evilcraft:dark_ore_deepslate":1,"minecraft:blue_ice":1,"vampirism:med_chair":1,"minecraft:stripped_oak_wood":11,"minecraft:tnt":6,"primalmagick:quartz_ore":1,"minecraft:grass":14,"minecraft:oak_log":23,"minecraft:oak_fence_gate":2,"minecraft:dirt":174,"minecraft:raw_copper_block":19,"minecraft:deepslate":3492,"iceandfire:dread_stone_bricks":1,"minecraft:oak_leaves":23,"minecraft:infested_deepslate":4,"create:zinc_ore":14,"minecraft:deepslate_tiles":14,"minecraft:tuff":659,"iceandfire:silver_ore":8,"primalmagick:sunwood_leaves":20,"minecraft:mossy_cobblestone":16,"minecraft:deepslate_diamond_ore":17,"minecraft:dark_oak_log":1,"minecraft:dark_oak_fence":5,"iceandfire:deepslate_silver_ore":3,"occultism:silver_ore_deepslate":20,"minecraft:spruce_leaves":5,"minecraft:hay_block":35,"minecraft:deepslate_brick_slab":1,"minecraft:furnace":1,"minecraft:andesite":760,"evilcraft:dark_ore":4,"primalmagick:marble_raw":172,"minecraft:bookshelf":6,"minecraft:deepslate_iron_ore":10,"minecraft:cobblestone_slab":1,"minecraft:vine":5,"allomancy:zinc_ore":5,"minecraft:packed_ice":3,"irons_spellbooks:inscription_table":1,"realmrpg_skeletons:trident_skeleton":1,"minecraft:stone":2307,"allomancy:deepslate_silver_ore":22,"minecraft:podzol":3,"allomancy:deepslate_lead_ore":34,"minecraft:potted_lily_of_the_valley":2,"minecraft:snow_block":26,"minecraft:stripped_dark_oak_log":1,"minecraft:basalt":6,"minecraft:oak_fence":1,"minecraft:smooth_sandstone":13,"minecraft:crafting_table":2,"minecraft:sculk_sensor":27,"minecraft:copper_ore":7,"minecraft:tall_grass":1,"theurgy:sal_ammoniac_ore":3,"minecraft:lapis_ore":7,"minecraft:cracked_deepslate_bricks":1,"minecraft:sculk":60,"minecraft:diorite":55,"minecraft:spruce_stairs":1,"allomancy:silver_ore":1,"minecraft:coarse_dirt":5,"graveyard:small_white_urn":1,"minecraft:spruce_log":6,"minecraft:birch_leaves":4,"iceandfire:ash":3,"minecraft:yellow_bed":1,"minecraft:coal_ore":32,"minecraft:gravel":139,"minecraft:cobweb":3,"minecraft:cracked_stone_bricks":3,"minecraft:stone_bricks":18,"minecraft:mossy_stone_bricks":3,"minecraft:infested_stone":1,"pots_and_mimics:treasure_pot":7,"minecraft:dark_oak_planks":5},"minecraft:picked_up":{"irons_spellbooks:scroll":4,"minecraft:iron_chestplate":3,"minecraft:wheat":6,"minecraft:flower_pot":4,"sophisticatedbackpacks:tool_swapper_upgrade":1,"minecraft:lead":1,"irons_spellbooks:holy_rune":1,"minecraft:enchanted_book":9,"primalmagick:sunwood_sapling":2,"primalmagick:mystical_relic_fragment":20,"minecraft:golden_sword":2,"allomancy:raw_cadmium":5,"iceandfire:manuscript":13,"minecraft:string":47,"minecraft:dark_oak_trapdoor":3,"mutantmonsters:mutant_skeleton_skull":1,"minecraft:raw_copper":36,"minecraft:iron_leggings":2,"vampirism:obi_belt":1,"irons_spellbooks:arcane_essence":17,"minecraft:deepslate_tiles":14,"minecraft:gold_nugget":2,"minecraft:cobbled_deepslate":1297,"minecraft:rose_bush":3,"minecraft:written_book":2,"minecraft:cobblestone_slab":1,"minecraft:iron_pickaxe":1,"irons_spellbooks:inscription_table":1,"minecraft:iron_boots":2,"minecraft:furnace":1,"allomancy:raw_lead":48,"apotheosis:gem":13,"minecraft:tipped_arrow":3,"minecraft:stick":9,"iceandfire:ghost_chest":1,"improvableskills:parchment_fragment":2,"minecraft:oak_fence":1,"minecraft:polished_deepslate_stairs":2,"paganbless:belladonna_plant":3,"minecraft:torch":2,"minecraft:spruce_stairs":2,"minecraft:snow_block":26,"minecraft:porkchop":16,"vampirism:holy_water_bottle_enhanced":2,"tombstone:grave_dust":8,"vampirism:vampire_fang":5,"minecraft:diorite":61,"mutantmonsters:mutant_skeleton_pelvis":1,"mutantmonsters:hulk_hammer":1,"minecraft:stone_sword":3,"minecraft:rotten_flesh":57,"apotheosis:dormant_deepshelf":7,"allomancy:lerasium_nugget":1,"ars_nouveau:worn_notebook":2,"create:asurine":25,"minecraft:carved_pumpkin":1,"create:veridium":7,"ars_nouveau:sourceberry_bush":3,"mutantmonsters:mutant_skeleton_shoulder_pad":2,"minecraft:iron_bars":3,"minecraft:snowball":16,"minecraft:cod":1,"minecraft:cobblestone":1276,"minecraft:birch_log":6,"occultism:datura_seeds":2,"vampirism:weapon_table":1,"vampirism:vampire_book":1,"minecraft:feather":1,"minecraft:cooked_beef":3,"vampirism:med_chair":1,"minecraft:water_bucket":1,"minecraft:andesite":451,"minecraft:golden_leggings":2,"minecraft:smoker":1,"vampirism:stake":1,"minecraft:flint":49,"minecraft:tuff":228,"minecraft:smooth_sandstone_stairs":2,"create:raw_zinc":32,"evilcraft:flesh_humanoid":4,"minecraft:lapis_lazuli":72,"minecraft:dirt":187,"tombstone:familiar_receptacle":1,"paganbless:belladonna":1,"primalmagick:sunwood_log":5,"minecraft:leather_boots":4,"minecraft:bone":18,"theurgy:sal_ammoniac_crystal":12,"irons_spellbooks:pedestal":1,"minecraft:wheat_seeds":6,"ars_nouveau:source_gem":4,"minecraft:deepslate_brick_slab":1,"minecraft:raw_gold":1,"tombstone:scroll_of_reach":1,"minecraft:mossy_stone_bricks":1,"minecraft:cyan_candle":4,"minecraft:rabbit":2,"minecraft:oak_planks":6,"irons_spellbooks:frozen_bone":9,"irons_spellbooks:legendary_ink":1,"patchouli:guide_book":2,"vampirism:ring":2,"sophisticatedbackpacks:iron_backpack":2,"minecraft:ink_sac":8,"minecraft:grass_block":1,"minecraft:lily_of_the_valley":2,"minecraft:dark_oak_log":1,"ars_nouveau:wilden_horn":2,"minecraft:barrel":1,"alexsmobs:animal_dictionary":1,"minecraft:mossy_cobblestone":6,"minecraft:dark_prismarine":1,"minecraft:bundle":2,"irons_spellbooks:ice_rune":1,"minecraft:iron_hoe":1,"minecraft:diamond":38,"improvableskills:skills_book":1,"iceandfire:lectern":1,"waystones:waystone":1,"minecraft:granite":95,"minecraft:bread":22,"minecraft:chainmail_helmet":1,"minecraft:emerald":7,"paganbless:rue_plant":8,"minecraft:oak_sapling":6,"irons_spellbooks:uncommon_ink":1,"minecraft:dark_oak_fence":5,"iceandfire:raw_silver":15,"ars_nouveau:red_archwood_log":23,"sophisticatedbackpacks:gold_backpack":1,"minecraft:charcoal":4,"minecraft:coarse_dirt":9,"minecraft:crafting_table":2,"minecraft:azure_bluet":1,"primalmagick:blood_notes":2,"minecraft:chicken":1,"minecraft:turtle_helmet":1,"occultism:raw_silver":26,"tombstone:scroll_of_preservation":1,"minecraft:chain":4,"minecraft:iron_axe":1,"minecraft:item_frame":5,"minecraft:iron_shovel":2,"minecraft:cracked_stone_bricks":3,"improvableskills:scroll_normal":3,"minecraft:beef":14,"iceandfire:dread_shard":1,"minecraft:player_head":2,"minecraft:spruce_slab":3,"minecraft:chest":3,"minecraft:birch_sapling":6,"minecraft:egg":4,"minecraft:spruce_trapdoor":1,"minecraft:phantom_membrane":1,"minecraft:raw_copper_block":19,"minecraft:raw_iron":36,"minecraft:stone":3,"minecraft:copper_ingot":1,"sophisticatedbackpacks:crafting_upgrade":1,"minecraft:note_block":1,"minecraft:cookie":6,"minecraft:trident":1,"minecraft:carrot":6,"ars_nouveau:ritual_wilden_summon":1,"minecraft:dark_oak_planks":3,"irons_spellbooks:evocation_rune":1,"minecraft:tnt":6,"minecraft:arrow":20,"minecraft:beetroot_seeds":1,"minecraft:deepslate_bricks":1,"minecraft:hay_block":34,"ars_nouveau:bookwyrm_charm":4,"minecraft:stripped_dark_oak_wood":2,"mutantmonsters:mutant_skeleton_rib":6,"minecraft:gold_ingot":5,"minecraft:glistering_melon_slice":3,"minecraft:totem_of_undying":2,"minecraft:mutton":12,"minecraft:skeleton_skull":1,"minecraft:white_wool":3,"paganbless:lavender":4,"minecraft:mud_bricks":5,"vampirism:vampire_blood_bottle":5,"minecraft:basalt":3,"minecraft:salmon":3,"minecraft:leather":9,"allomancy:raw_silver":28,"realmrpg_creep:creeping_sprout":5,"minecraft:packed_mud":3,"paganbless:hags_taper_plant":5,"minecraft:oak_log":31,"minecraft:chainmail_chestplate":1,"minecraft:yellow_bed":1,"minecraft:gunpowder":1,"allomancy:raw_aluminum":7,"mutantmonsters:mutant_skeleton_limb":8,"minecraft:white_banner":2,"irons_spellbooks:common_ink":2,"minecraft:smooth_sandstone":9,"vampirism:human_heart":1,"minecraft:light_blue_banner":1,"minecraft:apple":13,"minecraft:stone_bricks":15,"minecraft:iron_ingot":7,"minecraft:oak_fence_gate":1,"minecraft:cooked_chicken":1,"minecraft:stripped_oak_wood":11,"tombstone:bag_of_seeds":1,"minecraft:glass_bottle":4,"sophisticatedbackpacks:smelting_upgrade":1,"minecraft:iron_sword":1,"minecraft:dark_oak_stairs":7,"minecraft:book":24,"allomancy:raw_zinc":7,"minecraft:dark_oak_slab":6,"minecraft:pumpkin":2,"minecraft:chiseled_stone_bricks":1,"minecraft:dandelion":1,"ars_nouveau:red_archwood_sapling":7,"iceandfire:ash":1,"minecraft:quartz":1,"graveyard:ossuary":1,"minecraft:raw_iron_block":23,"primalmagick:marble_raw":85,"minecraft:gravel":27,"minecraft:orange_candle":3,"minecraft:spruce_log":6,"minecraft:spider_eye":20,"alexsmobs:raw_catfish":2,"tombstone:scroll_of_knowledge":1,"minecraft:chainmail_leggings":2,"evilcraft:dark_gem":10,"minecraft:iron_helmet":3,"minecraft:terracotta":1,"tombstone:magic_scroll":1,"minecraft:stripped_dark_oak_log":1,"primalmagick:bloody_flesh":8,"minecraft:coal":43,"minecraft:ender_pearl":2},"minecraft:dropped":{"minecraft:iron_sword":1,"iceandfire:raw_silver":4,"ars_nouveau:ritual_wilden_summon":1,"occultism:datura_seeds":1,"minecraft:porkchop":16,"minecraft:lapis_lazuli":8,"minecraft:diamond":1,"minecraft:glass_bottle":4,"minecraft:ender_pearl":1,"minecraft:crafting_table":1,"improvableskills:parchment_fragment":1,"minecraft:cracked_stone_bricks":3,"minecraft:flint":44,"minecraft:item_frame":4,"minecraft:dirt":170,"ars_nouveau:red_archwood_log":10,"paganbless:hags_taper_plant":5,"minecraft:gold_nugget":2,"allomancy:raw_aluminum":4,"minecraft:glistering_melon_slice":3,"minecraft:iron_pickaxe":1,"minecraft:white_wool":2,"tombstone:familiar_receptacle":1,"minecraft:gold_ingot":3,"ars_nouveau:source_gem":8,"minecraft:bone":2,"minecraft:gravel":26,"minecraft:cobbled_deepslate":1374,"minecraft:wheat":5,"minecraft:birch_sapling":3,"minecraft:rotten_flesh":13,"minecraft:deepslate_brick_slab":1,"minecraft:oak_planks":4,"create:asurine":2,"minecraft:azure_bluet":1,"evilcraft:flesh_humanoid":6,"minecraft:carrot":2,"patchouli:guide_book":1,"minecraft:chiseled_stone_bricks":1,"primalmagick:bloody_flesh":2,"minecraft:chest":1,"paganbless:lavender":4,"minecraft:charcoal":2,"minecraft:beetroot_seeds":1,"apotheosis:gem":4,"minecraft:leather_boots":2,"iceandfire:bestiary":1,"minecraft:iron_bars":3,"minecraft:written_book":2,"ars_nouveau:red_archwood_sapling":7,"paganbless:rue_plant":8,"minecraft:enchanted_book":1,"minecraft:iron_ingot":12,"majruszsdifficulty:recall_potion":2,"minecraft:wheat_seeds":2,"minecraft:mossy_cobblestone":6,"vampirism:vampire_book":1,"minecraft:iron_helmet":5,"minecraft:cobblestone":1107,"minecraft:book":6,"minecraft:granite":39,"occultism:silver_ingot":4,"minecraft:grass_block":1,"minecraft:coal":1,"minecraft:stick":4,"ars_nouveau:worn_notebook":1,"minecraft:ink_sac":8,"minecraft:diorite":60,"minecraft:rabbit":1,"minecraft:iron_leggings":1,"minecraft:white_banner":1,"paganbless:belladonna_plant":4,"vampirism:ring":3,"minecraft:chainmail_leggings":1,"minecraft:string":4,"minecraft:snow_block":26,"minecraft:coarse_dirt":9,"primalmagick:marble_raw":91,"vampirism:obi_belt":2,"minecraft:tuff":164,"improvableskills:skills_book":1,"evilcraft:origins_of_darkness":1,"minecraft:polished_deepslate_stairs":2,"minecraft:lily_of_the_valley":1,"minecraft:deepslate_bricks":1,"minecraft:filled_map":1,"minecraft:cobblestone_slab":1,"minecraft:stone":3,"create:veridium":7,"minecraft:flower_pot":2,"minecraft:iron_chestplate":1,"minecraft:andesite":429,"minecraft:mossy_stone_bricks":1,"minecraft:golden_leggings":1,"minecraft:oak_sapling":4,"minecraft:carved_pumpkin":1,"minecraft:spider_eye":3,"minecraft:stone_bricks":15,"minecraft:dark_prismarine":1,"primalmagick:mystical_relic_fragment":1}},"DataVersion":3465}