{"stats":{"minecraft:picked_up":{"ars_nouveau:sourceberry_bush":3},"minecraft:mined":{"minecraft:spruce_leaves":3,"ars_nouveau:sourceberry_bush":1},"minecraft:used":{"alexsmobs:animal_dictionary":1,"minecraft:written_book":2,"ars_nouveau:sourceberry_bush":4},"minecraft:custom":{"minecraft:jump":49,"minecraft:time_since_rest":5699,"minecraft:crouch_one_cm":77,"minecraft:sprint_one_cm":1913,"minecraft:play_time":5699,"minecraft:time_since_death":5699,"minecraft:walk_one_cm":10881,"minecraft:climb_one_cm":50,"minecraft:sneak_time":66,"minecraft:total_world_time":5699,"minecraft:fall_one_cm":1881,"minecraft:fly_one_cm":3771}},"DataVersion":3465}