{"stats":{"minecraft:picked_up":{"minecraft:iron_chestplate":1,"minecraft:wheat":4,"primalmagick:blood_notes":1,"minecraft:flower_pot":3,"minecraft:enchanted_book":6,"primalmagick:mystical_relic_fragment":3,"minecraft:string":8,"minecraft:item_frame":4,"minecraft:iron_leggings":2,"minecraft:iron_shovel":1,"vampirism:obi_belt":1,"minecraft:gold_nugget":2,"minecraft:cobbled_deepslate":14,"minecraft:beef":8,"minecraft:written_book":2,"minecraft:iron_pickaxe":1,"minecraft:spruce_slab":2,"minecraft:birch_sapling":6,"minecraft:stick":5,"minecraft:raw_iron":15,"apotheosis:gem":5,"improvableskills:parchment_fragment":2,"minecraft:torch":1,"vampirism:vampire_fang":1,"minecraft:diorite":14,"minecraft:cookie":5,"tombstone:grave_dust":2,"minecraft:trident":1,"minecraft:carrot":1,"minecraft:tnt":4,"minecraft:stone_sword":2,"minecraft:arrow":2,"minecraft:rotten_flesh":9,"ars_nouveau:worn_notebook":2,"create:asurine":2,"minecraft:glistering_melon_slice":3,"minecraft:totem_of_undying":1,"ars_nouveau:sourceberry_bush":3,"minecraft:mutton":4,"minecraft:white_wool":3,"minecraft:snowball":16,"minecraft:cobblestone":494,"minecraft:birch_log":6,"occultism:datura_seeds":1,"vampirism:vampire_blood_bottle":1,"minecraft:cooked_beef":3,"vampirism:med_chair":1,"minecraft:water_bucket":1,"minecraft:andesite":36,"minecraft:leather":4,"minecraft:oak_log":14,"evilcraft:flesh_humanoid":3,"allomancy:raw_aluminum":4,"minecraft:dirt":11,"tombstone:familiar_receptacle":1,"paganbless:belladonna":1,"minecraft:leather_boots":2,"minecraft:bone":3,"theurgy:sal_ammoniac_crystal":1,"minecraft:wheat_seeds":1,"minecraft:cooked_chicken":1,"tombstone:scroll_of_reach":1,"minecraft:rabbit":2,"minecraft:glass_bottle":4,"minecraft:oak_planks":1,"minecraft:book":18,"patchouli:guide_book":2,"minecraft:lily_of_the_valley":2,"ars_nouveau:wilden_horn":2,"minecraft:spider_eye":3,"alexsmobs:animal_dictionary":1,"alexsmobs:raw_catfish":2,"tombstone:scroll_of_knowledge":1,"minecraft:chainmail_leggings":1,"evilcraft:dark_gem":10,"minecraft:iron_helmet":1,"minecraft:granite":34,"minecraft:stripped_dark_oak_log":1,"tombstone:magic_scroll":1,"minecraft:oak_sapling":2,"primalmagick:bloody_flesh":1,"minecraft:coal":6,"iceandfire:raw_silver":9},"minecraft:mined":{"minecraft:infested_deepslate":2,"primalmagick:sunwood_leaves":1,"iceandfire:silver_ore":5,"minecraft:granite":18,"minecraft:grass_block":6,"allomancy:aluminum_ore":4,"minecraft:spruce_leaves":3,"ars_nouveau:sourceberry_bush":1,"realmrpg_skeletons:dungeon_crawler_skeleton":1,"minecraft:iron_ore":15,"minecraft:andesite":23,"evilcraft:dark_ore":2,"create:asurine":1,"minecraft:bookshelf":4,"minecraft:vine":1,"minecraft:stone":447,"minecraft:spruce_slab":2,"minecraft:potted_lily_of_the_valley":2,"minecraft:stripped_dark_oak_log":1,"paganbless:belladonna_plant":1,"minecraft:cobblestone":6,"minecraft:oak_planks":1,"theurgy:sal_ammoniac_ore":1,"minecraft:diorite":8,"minecraft:birch_log":6,"vampirism:med_chair":1,"minecraft:birch_leaves":3,"minecraft:tnt":4,"minecraft:grass":2,"minecraft:oak_log":14,"minecraft:coal_ore":4,"minecraft:gravel":3,"minecraft:dirt":17,"minecraft:cobweb":2,"pots_and_mimics:treasure_pot":2,"minecraft:oak_leaves":9,"minecraft:deepslate":28},"minecraft:custom":{"lootr:looted_stat":32,"minecraft:mob_kills":40,"minecraft:interact_with_crafting_table":13,"minecraft:bell_ring":1,"minecraft:damage_dealt_resisted":449,"minecraft:eat_cake_slice":9,"minecraft:time_since_death":14156,"minecraft:climb_one_cm":1345,"minecraft:damage_resisted":40,"minecraft:sprint_one_cm":120562,"minecraft:walk_one_cm":529541,"minecraft:drop":75,"minecraft:play_noteblock":2,"minecraft:talked_to_villager":2,"minecraft:play_time":221699,"minecraft:deaths":8,"minecraft:sneak_time":868,"minecraft:walk_under_water_one_cm":25307,"minecraft:jump":1687,"minecraft:walk_on_water_one_cm":72832,"minecraft:total_world_time":221699,"minecraft:interact_with_furnace":25,"tombstone:raider_killed":1,"minecraft:tune_noteblock":7,"minecraft:sleep_in_bed":2,"minecraft:time_since_rest":6387,"minecraft:damage_taken":3072,"minecraft:damage_absorbed":17,"minecraft:trigger_trapped_chest":1,"minecraft:damage_dealt":8663,"tombstone:cast_on_ally":0,"minecraft:swim_one_cm":9999,"minecraft:fly_one_cm":160327,"minecraft:open_chest":35,"minecraft:crouch_one_cm":2898,"tombstone:undead_killed":11,"minecraft:interact_with_smoker":1,"minecraft:fall_one_cm":49190},"minecraft:used":{"minecraft:trident":2,"minecraft:iron_shovel":5,"minecraft:stone_sword":88,"iceandfire:silver_sword":94,"minecraft:iron_sword":246,"minecraft:rotten_flesh":1,"minecraft:cooked_chicken":1,"minecraft:torch":17,"minecraft:dirt":6,"minecraft:carrot":7,"minecraft:iron_axe":22,"minecraft:iron_helmet":2,"minecraft:written_book":3,"ars_nouveau:sourceberry_bush":4,"tombstone:gift":3,"minecraft:cooked_beef":9,"minecraft:cobbled_deepslate":2,"minecraft:iron_leggings":1,"sophisticatedbackpacks:gold_backpack":2,"alexsmobs:raw_catfish":2,"minecraft:diorite":1,"minecraft:stone_pickaxe":97,"occultism:datura_seeds":4,"minecraft:leather_chestplate":1,"minecraft:cookie":5,"primalmagick:bloody_flesh":1,"minecraft:crafting_table":1,"vampirism:stake":32,"minecraft:cake":1,"minecraft:zombie_head":2,"tombstone:magic_scroll":1,"minecraft:cobblestone":75,"minecraft:potion":1,"minecraft:chainmail_boots":1,"minecraft:andesite":1,"vampirism:med_chair":2,"alexsmobs:animal_dictionary":1,"structurize:sceptergold":1,"minecraft:chainmail_leggings":1},"minecraft:broken":{"minecraft:stone_sword":1,"consecration:fire_stick":1,"minecraft:leather_chestplate":1,"minecraft:stone_pickaxe":1,"minecraft:iron_sword":1},"minecraft:crafted":{"minecraft:oak_planks":5,"vampirism:med_chair":1,"minecraft:stone_pickaxe":1,"minecraft:chest":1,"vampirism:stake":1,"minecraft:dark_oak_planks":1,"sophisticatedbackpacks:iron_backpack":1,"minecraft:cooked_beef":7,"sophisticatedbackpacks:backpack":1,"iceandfire:silver_ingot":5,"minecraft:crafting_table":1,"sophisticatedbackpacks:gold_backpack":1,"minecraft:air":54,"minecraft:stick":6,"minecraft:iron_ingot":14,"minecraft:torch":4,"iceandfire:silver_sword":1},"minecraft:killed_by":{"minecraft:player":1,"realmrpg_demons:chort":1,"minecraft:skeleton":2,"minecraft:zombie":2,"cave_dweller:cave_dweller":1},"minecraft:killed":{"vampirism:vampire":3,"minecraft:evoker":1,"minecraft:vex":4,"minecraft:spider":4,"minecraft:skeleton":1,"realmrpg_demons:chort":1,"minecraft:silverfish":2,"minecraft:bat":2,"minecraft:sheep":3,"alexsmobs:catfish":1,"minecraft:zombie":10,"alexsmobs:terrapin":1,"alexsmobs:fly":1,"minecraft:cow":3},"minecraft:dropped":{"minecraft:enchanted_book":1,"iceandfire:raw_silver":4,"minecraft:wheat_seeds":1,"minecraft:glass_bottle":3,"minecraft:iron_helmet":1,"minecraft:cobblestone":355,"minecraft:book":6,"improvableskills:parchment_fragment":1,"minecraft:granite":34,"minecraft:coal":1,"minecraft:item_frame":4,"minecraft:stick":4,"minecraft:dirt":5,"ars_nouveau:worn_notebook":1,"minecraft:diorite":14,"minecraft:rabbit":1,"minecraft:iron_leggings":1,"minecraft:gold_nugget":2,"allomancy:raw_aluminum":4,"minecraft:glistering_melon_slice":3,"vampirism:ring":2,"minecraft:chainmail_leggings":1,"minecraft:string":4,"tombstone:familiar_receptacle":1,"minecraft:gold_ingot":3,"minecraft:bone":2,"vampirism:obi_belt":2,"minecraft:birch_sapling":3,"minecraft:wheat":4,"minecraft:rotten_flesh":2,"evilcraft:origins_of_darkness":1,"create:asurine":2,"evilcraft:flesh_humanoid":5,"minecraft:carrot":2,"patchouli:guide_book":1,"minecraft:lily_of_the_valley":1,"minecraft:flower_pot":2,"minecraft:andesite":14,"apotheosis:gem":4,"minecraft:leather_boots":2,"minecraft:oak_sapling":2,"minecraft:spider_eye":3,"minecraft:written_book":2,"primalmagick:mystical_relic_fragment":1}},"DataVersion":3465}