{"stats":{"minecraft:mined":{"minecraft:andesite":14,"minecraft:granite":17,"minecraft:grass_block":2,"minecraft:dirt":6,"minecraft:spruce_leaves":3,"ars_nouveau:sourceberry_bush":1,"minecraft:stone":134,"minecraft:oak_leaves":1},"minecraft:picked_up":{"minecraft:stick":1,"minecraft:andesite":14,"minecraft:dirt":2,"minecraft:stone_sword":1,"minecraft:granite":16,"minecraft:cooked_chicken":1,"ars_nouveau:sourceberry_bush":3,"minecraft:rabbit":1,"minecraft:cobblestone":127},"minecraft:used":{"minecraft:stone_sword":24,"minecraft:iron_helmet":1,"minecraft:leather_chestplate":1,"minecraft:cooked_chicken":1,"minecraft:cobblestone":5,"minecraft:written_book":2,"minecraft:chainmail_boots":1,"ars_nouveau:sourceberry_bush":4,"tombstone:gift":1,"alexsmobs:animal_dictionary":1,"minecraft:chainmail_leggings":1},"minecraft:custom":{"minecraft:time_since_rest":3561,"minecraft:sprint_one_cm":14823,"lootr:looted_stat":2,"minecraft:damage_taken":461,"minecraft:walk_one_cm":80681,"minecraft:mob_kills":1,"minecraft:drop":1,"minecraft:damage_dealt":208,"minecraft:fly_one_cm":24052,"minecraft:crouch_one_cm":827,"minecraft:play_time":17699,"minecraft:deaths":1,"minecraft:sneak_time":177,"minecraft:jump":240,"minecraft:damage_dealt_resisted":0,"minecraft:climb_one_cm":581,"minecraft:time_since_death":8381,"minecraft:sleep_in_bed":1,"minecraft:total_world_time":17699,"minecraft:fall_one_cm":13602},"minecraft:killed":{"alexsmobs:fly":1},"minecraft:dropped":{"minecraft:dirt":1}},"DataVersion":3465}