{"stats":{"minecraft:picked_up":{"occultism:datura_seeds":1,"minecraft:cooked_beef":3,"minecraft:water_bucket":1,"minecraft:flower_pot":2,"minecraft:andesite":28,"minecraft:enchanted_book":3,"minecraft:oak_log":5,"evilcraft:flesh_humanoid":1,"allomancy:raw_aluminum":4,"minecraft:dirt":7,"minecraft:iron_leggings":1,"minecraft:leather_boots":2,"minecraft:item_frame":2,"minecraft:bone":2,"theurgy:sal_ammoniac_crystal":1,"minecraft:gold_nugget":2,"minecraft:cooked_chicken":1,"minecraft:written_book":2,"minecraft:glass_bottle":3,"minecraft:rabbit":2,"minecraft:book":6,"minecraft:raw_iron":15,"minecraft:stick":2,"apotheosis:gem":4,"patchouli:guide_book":2,"minecraft:carrot":1,"tombstone:grave_dust":2,"minecraft:diorite":14,"minecraft:lily_of_the_valley":1,"alexsmobs:animal_dictionary":1,"minecraft:stone_sword":1,"minecraft:tnt":2,"alexsmobs:raw_catfish":2,"minecraft:rotten_flesh":2,"tombstone:scroll_of_knowledge":1,"minecraft:chainmail_leggings":1,"ars_nouveau:worn_notebook":1,"evilcraft:dark_gem":10,"minecraft:granite":34,"create:asurine":2,"ars_nouveau:sourceberry_bush":3,"minecraft:coal":4,"iceandfire:raw_silver":9,"minecraft:cobblestone":382},"minecraft:mined":{"minecraft:infested_deepslate":2,"iceandfire:silver_ore":5,"minecraft:potted_lily_of_the_valley":1,"minecraft:granite":18,"minecraft:grass_block":2,"minecraft:cobblestone":6,"allomancy:aluminum_ore":4,"minecraft:spruce_leaves":3,"theurgy:sal_ammoniac_ore":1,"ars_nouveau:sourceberry_bush":1,"minecraft:diorite":8,"realmrpg_skeletons:dungeon_crawler_skeleton":1,"minecraft:iron_ore":15,"minecraft:andesite":14,"minecraft:tnt":2,"evilcraft:dark_ore":2,"minecraft:coal_ore":4,"create:asurine":1,"minecraft:grass":1,"minecraft:bookshelf":2,"minecraft:oak_log":5,"minecraft:dirt":11,"minecraft:stone":273,"minecraft:deepslate":24,"pots_and_mimics:treasure_pot":1,"minecraft:oak_leaves":3},"minecraft:custom":{"lootr:looted_stat":3,"minecraft:interact_with_furnace":1,"minecraft:mob_kills":6,"minecraft:interact_with_crafting_table":5,"minecraft:damage_dealt_resisted":0,"minecraft:time_since_death":19667,"minecraft:sleep_in_bed":1,"minecraft:climb_one_cm":581,"minecraft:damage_resisted":23,"minecraft:time_since_rest":19296,"minecraft:sprint_one_cm":41377,"minecraft:damage_taken":1443,"minecraft:walk_one_cm":245568,"minecraft:drop":32,"minecraft:damage_dealt":2624,"minecraft:swim_one_cm":8465,"minecraft:talked_to_villager":1,"minecraft:fly_one_cm":53429,"minecraft:open_chest":13,"minecraft:crouch_one_cm":1750,"minecraft:play_time":137699,"tombstone:undead_killed":1,"minecraft:deaths":4,"minecraft:sneak_time":453,"minecraft:walk_under_water_one_cm":9093,"minecraft:jump":724,"minecraft:walk_on_water_one_cm":8647,"minecraft:total_world_time":137699,"minecraft:fall_one_cm":26252},"minecraft:used":{"alexsmobs:raw_catfish":2,"minecraft:diorite":1,"minecraft:stone_sword":24,"minecraft:stone_pickaxe":97,"occultism:datura_seeds":4,"minecraft:leather_chestplate":1,"minecraft:iron_sword":246,"minecraft:cooked_chicken":1,"minecraft:torch":15,"minecraft:dirt":6,"minecraft:crafting_table":1,"minecraft:carrot":4,"minecraft:zombie_head":2,"minecraft:iron_helmet":1,"minecraft:cobblestone":70,"minecraft:written_book":3,"minecraft:chainmail_boots":1,"ars_nouveau:sourceberry_bush":4,"tombstone:gift":1,"alexsmobs:animal_dictionary":1,"minecraft:cooked_beef":4,"structurize:sceptergold":1,"minecraft:iron_leggings":1,"minecraft:chainmail_leggings":1},"minecraft:crafted":{"minecraft:oak_planks":5,"minecraft:crafting_table":1,"minecraft:air":42,"minecraft:stick":1,"minecraft:stone_pickaxe":1,"minecraft:torch":4},"minecraft:broken":{"minecraft:stone_pickaxe":1,"minecraft:iron_sword":1,"consecration:fire_stick":1},"minecraft:killed_by":{"minecraft:skeleton":1,"minecraft:zombie":1,"cave_dweller:cave_dweller":1},"minecraft:killed":{"minecraft:skeleton":1,"alexsmobs:catfish":1,"alexsmobs:terrapin":1,"minecraft:silverfish":2,"alexsmobs:fly":1},"minecraft:dropped":{"iceandfire:raw_silver":4,"minecraft:glass_bottle":3,"minecraft:cobblestone":262,"minecraft:granite":34,"create:asurine":2,"minecraft:carrot":2,"evilcraft:flesh_humanoid":2,"minecraft:item_frame":2,"minecraft:lily_of_the_valley":1,"minecraft:stick":1,"minecraft:dirt":1,"minecraft:flower_pot":2,"minecraft:diorite":14,"minecraft:andesite":14,"minecraft:rabbit":1,"minecraft:leather_boots":2,"minecraft:chainmail_leggings":1,"minecraft:written_book":2,"minecraft:bone":2}},"DataVersion":3465}