{"stats":{"minecraft:used":{"minecraft:dispenser":2,"minecraft:diamond_hoe":21,"minecraft:iron_sword":23,"minecraft:iron_chestplate":1,"lucky:lucky_block":7,"minecraft:quartz_block":7,"minecraft:stone_bricks":1,"minecraft:golden_sword":26,"minecraft:bow":8,"lucky:lucky_potion":31,"minecraft:dropper":7,"minecraft:stone_pickaxe":26,"minecraft:ender_pearl":1,"minecraft:sandstone":1,"minecraft:diamond_axe":2,"minecraft:cookie":2,"minecraft:golden_apple":3,"minecraft:yellow_terracotta":3,"minecraft:music_disc_mall":1,"minecraft:diamond_sword":5,"minecraft:purple_wool":1,"minecraft:golden_pickaxe":30,"minecraft:stone_shovel":52,"minecraft:anvil":2,"minecraft:nether_quartz_ore":16,"minecraft:bookshelf":7,"minecraft:slime_block":43,"minecraft:salmon_spawn_egg":1,"minecraft:iron_leggings":1,"minecraft:golden_axe":17,"minecraft:zombified_piglin_spawn_egg":1,"minecraft:enchanted_golden_apple":2,"minecraft:water_bucket":6,"minecraft:baked_potato":3,"minecraft:snow_golem_spawn_egg":1,"minecraft:strider_spawn_egg":1,"minecraft:cake":1,"minecraft:diamond_pickaxe":18,"minecraft:diamond_shovel":2,"minecraft:golden_leggings":1,"minecraft:yellow_wool":84,"minecraft:fishing_rod":3,"minecraft:cobblestone":13,"minecraft:bucket":6,"minecraft:pumpkin_pie":3,"minecraft:jukebox":2},"minecraft:picked_up":{"minecraft:iron_chestplate":4,"minecraft:redstone_block":1,"minecraft:chainmail_boots":1,"minecraft:ender_chest":3,"minecraft:iron_trapdoor":4,"minecraft:anvil":3,"minecraft:prismarine_shard":82,"minecraft:yellow_wool":114,"minecraft:diamond_sword":3,"minecraft:potion":4,"minecraft:wither_rose":5,"minecraft:enchanted_book":20,"minecraft:golden_shovel":3,"minecraft:golden_sword":3,"minecraft:lapis_block":2,"minecraft:string":16,"lucky:lucky_potion":84,"minecraft:cooked_salmon":3,"minecraft:iron_leggings":5,"minecraft:sticky_piston":7,"minecraft:pufferfish":15,"minecraft:zombie_head":2,"minecraft:oak_sign":10,"minecraft:diamond_leggings":1,"minecraft:gold_nugget":5,"lucky:lucky_sword":7,"minecraft:comparator":4,"minecraft:bucket":6,"minecraft:light_weighted_pressure_plate":5,"minecraft:red_dye":4,"minecraft:redstone_torch":15,"minecraft:ender_eye":20,"minecraft:wooden_shovel":2,"minecraft:enchanted_golden_apple":5,"minecraft:iron_boots":3,"minecraft:blue_wool":1,"minecraft:golden_helmet":7,"minecraft:stick":15,"minecraft:music_disc_blocks":1,"minecraft:jukebox":3,"minecraft:oak_fence":2,"minecraft:torch":5,"minecraft:porkchop":12,"minecraft:golden_axe":3,"minecraft:golden_chestplate":9,"minecraft:rabbit_foot":7,"minecraft:black_dye":1,"minecraft:quartz_block":98,"minecraft:stone_sword":1,"minecraft:rotten_flesh":1,"minecraft:light_blue_wool":2,"minecraft:tropical_fish":3,"minecraft:cow_spawn_egg":2,"minecraft:bookshelf":42,"minecraft:ravager_spawn_egg":3,"minecraft:music_disc_wait":1,"minecraft:blaze_rod":3,"minecraft:obsidian":67,"minecraft:iron_bars":4,"minecraft:cod":5,"minecraft:blaze_powder":1,"minecraft:cobblestone":18,"minecraft:enchanting_table":2,"minecraft:leather_chestplate":4,"minecraft:magma_cream":3,"minecraft:repeater":23,"minecraft:iron_door":4,"minecraft:water_bucket":3,"minecraft:cod_spawn_egg":5,"minecraft:brown_wool":1,"minecraft:golden_leggings":6,"minecraft:beacon":4,"minecraft:potato":205,"minecraft:magenta_dye":1,"lucky:lucky_block":7,"minecraft:lapis_lazuli":51,"minecraft:zombie_villager_spawn_egg":1,"minecraft:leather_boots":3,"minecraft:glass":6,"minecraft:bow":8,"minecraft:light_blue_dye":1,"minecraft:rabbit":1,"minecraft:diamond_helmet":2,"minecraft:glowstone_dust":1,"minecraft:prismarine":71,"minecraft:stone_hoe":1,"minecraft:vindicator_spawn_egg":1,"minecraft:ghast_tear":2,"minecraft:strider_spawn_egg":1,"minecraft:music_disc_13":1,"minecraft:oak_pressure_plate":8,"minecraft:poisonous_potato":63,"minecraft:enderman_spawn_egg":1,"minecraft:dropper":19,"minecraft:fermented_spider_eye":7,"minecraft:polar_bear_spawn_egg":1,"minecraft:orange_wool":1,"minecraft:dispenser":4,"minecraft:snow_golem_spawn_egg":1,"minecraft:sugar":37,"minecraft:diamond":133,"minecraft:slime_block":112,"minecraft:lever":7,"minecraft:golden_apple":12,"minecraft:golden_horse_armor":14,"minecraft:chainmail_helmet":2,"minecraft:emerald":38,"minecraft:cyan_dye":5,"minecraft:jack_o_lantern":32,"minecraft:diamond_pickaxe":4,"minecraft:fishing_rod":4,"minecraft:dolphin_spawn_egg":1,"minecraft:allium":20,"minecraft:azure_bluet":23,"minecraft:purple_wool":1,"minecraft:splash_potion":6,"minecraft:chicken":1,"minecraft:nether_wart":2,"minecraft:leather_leggings":6,"minecraft:rabbit_stew":3,"minecraft:golden_pickaxe":2,"minecraft:redstone_lamp":18,"minecraft:diamond_horse_armor":4,"minecraft:spider_spawn_egg":1,"minecraft:heavy_weighted_pressure_plate":2,"minecraft:oak_trapdoor":5,"minecraft:cat_spawn_egg":2,"minecraft:wooden_sword":2,"minecraft:quartz_slab":30,"minecraft:magenta_wool":1,"minecraft:salmon_spawn_egg":2,"minecraft:blue_orchid":18,"minecraft:beef":1,"minecraft:cyan_wool":1,"minecraft:player_head":1,"minecraft:poppy":40,"minecraft:light_gray_wool":1,"minecraft:quartz_stairs":19,"minecraft:piston":10,"minecraft:diamond_hoe":2,"minecraft:orange_dye":3,"minecraft:sandstone":9,"minecraft:oak_door":2,"minecraft:note_block":2,"minecraft:gray_dye":3,"minecraft:white_dye":9,"minecraft:stone_button":6,"minecraft:cake":1,"minecraft:pufferfish_spawn_egg":1,"minecraft:cookie":36,"minecraft:trident":1,"minecraft:carrot":12,"minecraft:redstone":83,"minecraft:zombified_piglin_spawn_egg":1,"minecraft:drowned_spawn_egg":3,"minecraft:brown_dye":4,"minecraft:prismarine_crystals":55,"minecraft:iron_horse_armor":4,"minecraft:stone_pressure_plate":5,"minecraft:tnt":21,"minecraft:arrow":57,"minecraft:stone_shovel":1,"minecraft:diamond_chestplate":2,"minecraft:pumpkin_pie":19,"minecraft:golden_hoe":2,"minecraft:diamond_boots":4,"minecraft:hay_block":28,"minecraft:sandstone_stairs":6,"minecraft:yellow_terracotta":3,"minecraft:pink_tulip":38,"minecraft:glistering_melon_slice":3,"minecraft:saddle":7,"minecraft:gold_ingot":91,"minecraft:mutton":28,"minecraft:white_wool":1,"minecraft:skeleton_skull":2,"minecraft:oxeye_daisy":36,"minecraft:purple_dye":2,"minecraft:clock":2,"minecraft:golden_carrot":2,"minecraft:tripwire_hook":5,"minecraft:salmon":11,"minecraft:fox_spawn_egg":1,"minecraft:leather":2,"minecraft:yellow_dye":7,"minecraft:end_portal_frame":5,"minecraft:oak_log":1,"minecraft:golden_boots":4,"minecraft:gunpowder":12,"minecraft:cobblestone_stairs":12,"lucky:lucky_bow":6,"minecraft:apple":4,"minecraft:stone_bricks":2,"minecraft:oak_fence_gate":2,"minecraft:stone_pickaxe":2,"minecraft:iron_sword":4,"minecraft:green_dye":5,"minecraft:book":30,"minecraft:milk_bucket":3,"minecraft:nether_quartz_ore":85,"minecraft:pumpkin":18,"minecraft:daylight_detector":1,"minecraft:quartz":142,"minecraft:dandelion":35,"minecraft:lava_bucket":4,"minecraft:dragon_egg":3,"minecraft:sea_lantern":20,"minecraft:spider_eye":3,"minecraft:leather_helmet":4,"minecraft:diamond_shovel":1,"minecraft:music_disc_mall":2,"minecraft:lime_dye":3,"minecraft:trader_llama_spawn_egg":4,"minecraft:stone_axe":1,"minecraft:iron_helmet":4,"minecraft:diamond_axe":2,"minecraft:painting":5,"minecraft:oak_button":5,"minecraft:baked_potato":131,"minecraft:goat_spawn_egg":2,"minecraft:pink_dye":2,"minecraft:hopper":9,"minecraft:ender_pearl":40},"minecraft:killed":{"minecraft:witch":2,"minecraft:pig":4,"minecraft:sheep":8,"minecraft:giant":1,"minecraft:bat":5},"minecraft:killed_by":{"minecraft:magma_cube":1,"minecraft:witch":7,"minecraft:zombie":2,"minecraft:wither":10},"minecraft:crafted":{"minecraft:wheat":72},"minecraft:dropped":{"minecraft:daylight_detector":1,"minecraft:vindicator_spawn_egg":1,"minecraft:lapis_lazuli":14,"minecraft:oak_pressure_plate":2,"minecraft:baked_potato":4,"minecraft:ender_pearl":20,"minecraft:diamond":26,"minecraft:sandstone_stairs":6,"minecraft:spider_spawn_egg":1,"lucky:lucky_potion":22,"minecraft:leather":1,"minecraft:iron_horse_armor":1,"minecraft:saddle":1,"minecraft:polar_bear_spawn_egg":1,"minecraft:cobblestone_stairs":11,"minecraft:light_weighted_pressure_plate":1,"minecraft:emerald":11,"minecraft:zombie_villager_spawn_egg":1,"minecraft:redstone_lamp":4,"minecraft:stone_button":2,"minecraft:gold_nugget":2,"minecraft:wooden_sword":1,"minecraft:fermented_spider_eye":1,"minecraft:oak_door":1,"minecraft:note_block":1,"minecraft:obsidian":32,"minecraft:trader_llama_spawn_egg":1,"minecraft:enchanted_golden_apple":1,"minecraft:diamond_shovel":1,"minecraft:prismarine":19,"minecraft:azure_bluet":12,"minecraft:salmon":4,"minecraft:poppy":7,"minecraft:cod_spawn_egg":1,"minecraft:sea_lantern":7,"minecraft:trident":1,"minecraft:heavy_weighted_pressure_plate":1,"minecraft:quartz_block":6,"minecraft:hopper":4,"minecraft:arrow":5,"minecraft:glass":6,"minecraft:quartz":29,"minecraft:splash_potion":3,"minecraft:enchanting_table":2,"minecraft:enchanted_book":3,"minecraft:stone_hoe":1,"minecraft:water_bucket":1,"minecraft:tnt":4,"minecraft:golden_horse_armor":1,"minecraft:bookshelf":12,"minecraft:poisonous_potato":23,"minecraft:prismarine_shard":28,"minecraft:iron_helmet":1,"minecraft:cobblestone":1,"minecraft:book":22,"minecraft:enderman_spawn_egg":1,"minecraft:pufferfish":8,"minecraft:oxeye_daisy":12,"minecraft:diamond_horse_armor":1,"minecraft:milk_bucket":1,"minecraft:iron_trapdoor":2,"minecraft:repeater":8,"minecraft:light_blue_wool":1,"minecraft:iron_door":1,"minecraft:potion":1,"minecraft:wither_rose":1,"minecraft:tripwire_hook":1,"minecraft:bucket":2,"minecraft:lapis_block":1,"minecraft:redstone_block":1,"minecraft:dandelion":14,"minecraft:redstone":32,"minecraft:pink_tulip":7,"minecraft:oak_trapdoor":2,"minecraft:pufferfish_spawn_egg":1,"minecraft:ender_chest":3,"minecraft:iron_boots":1,"minecraft:comparator":2,"minecraft:ender_eye":5,"minecraft:oak_sign":1,"minecraft:diamond_sword":2,"minecraft:hay_block":4,"minecraft:oak_button":2,"minecraft:allium":6,"minecraft:diamond_pickaxe":2,"minecraft:fox_spawn_egg":1,"minecraft:end_portal_frame":5,"minecraft:redstone_torch":6,"minecraft:sandstone":2,"minecraft:blue_orchid":6,"minecraft:bow":4,"minecraft:nether_quartz_ore":22,"lucky:lucky_sword":2,"minecraft:quartz_slab":4},"minecraft:mined":{"minecraft:cobblestone_stairs":8,"minecraft:obsidian":7,"minecraft:fire":12,"minecraft:oak_sign":1,"minecraft:iron_bars":2,"minecraft:quartz_block":4,"minecraft:note_block":1,"minecraft:glass":9,"minecraft:cobblestone":18,"minecraft:slime_block":207,"minecraft:yellow_wool":106,"minecraft:lapis_block":1,"minecraft:yellow_terracotta":1,"minecraft:lever":1,"lucky:lucky_block":446,"minecraft:oak_fence":2,"minecraft:stone_bricks":2},"minecraft:broken":{"minecraft:golden_axe":1,"minecraft:golden_pickaxe":1},"minecraft:custom":{"minecraft:eat_cake_slice":5,"minecraft:leave_game":2,"minecraft:time_since_death":2482,"minecraft:damage_resisted":716,"minecraft:sprint_one_cm":54275,"minecraft:drop":132,"minecraft:play_noteblock":1,"minecraft:talked_to_villager":5,"minecraft:play_time":99856,"minecraft:deaths":55,"minecraft:jump":574,"minecraft:walk_on_water_one_cm":42120,"minecraft:play_record":1,"minecraft:open_enderchest":2,"minecraft:damage_dealt":3410,"minecraft:interact_with_beacon":5,"minecraft:player_kills":2,"minecraft:crouch_one_cm":28240,"minecraft:inspect_dispenser":10,"minecraft:horse_one_cm":924,"minecraft:inspect_dropper":48,"minecraft:mob_kills":26,"minecraft:inspect_hopper":1,"minecraft:damage_dealt_resisted":184,"minecraft:walk_one_cm":255970,"minecraft:sneak_time":10389,"minecraft:walk_under_water_one_cm":55040,"minecraft:total_world_time":99856,"minecraft:time_since_rest":2523,"minecraft:damage_taken":18970,"minecraft:damage_absorbed":380,"minecraft:swim_one_cm":11212,"minecraft:fly_one_cm":65178,"minecraft:fall_one_cm":37209}},"DataVersion":3578}