{"stats":{"minecraft:picked_up":{"minecraft:iron_chestplate":1,"minecraft:wheat":4,"primalmagick:blood_notes":1,"minecraft:flower_pot":2,"minecraft:enchanted_book":6,"primalmagick:mystical_relic_fragment":1,"minecraft:string":4,"minecraft:item_frame":4,"minecraft:iron_leggings":2,"minecraft:iron_shovel":1,"vampirism:obi_belt":1,"minecraft:gold_nugget":2,"minecraft:cobbled_deepslate":14,"minecraft:written_book":2,"minecraft:stick":2,"minecraft:raw_iron":15,"apotheosis:gem":5,"improvableskills:parchment_fragment":2,"minecraft:torch":1,"minecraft:diorite":14,"minecraft:cookie":5,"tombstone:grave_dust":2,"minecraft:carrot":1,"minecraft:tnt":2,"minecraft:stone_sword":2,"minecraft:rotten_flesh":3,"ars_nouveau:worn_notebook":2,"create:asurine":2,"minecraft:totem_of_undying":1,"ars_nouveau:sourceberry_bush":3,"minecraft:snowball":16,"minecraft:cobblestone":480,"occultism:datura_seeds":1,"minecraft:cooked_beef":3,"minecraft:water_bucket":1,"minecraft:andesite":28,"minecraft:oak_log":5,"evilcraft:flesh_humanoid":3,"allomancy:raw_aluminum":4,"minecraft:dirt":11,"minecraft:leather_boots":2,"minecraft:bone":2,"theurgy:sal_ammoniac_crystal":1,"minecraft:wheat_seeds":1,"minecraft:cooked_chicken":1,"tombstone:scroll_of_reach":1,"minecraft:rabbit":2,"minecraft:glass_bottle":3,"minecraft:book":12,"patchouli:guide_book":2,"minecraft:lily_of_the_valley":1,"ars_nouveau:wilden_horn":2,"minecraft:spider_eye":3,"alexsmobs:animal_dictionary":1,"alexsmobs:raw_catfish":2,"tombstone:scroll_of_knowledge":1,"minecraft:chainmail_leggings":1,"evilcraft:dark_gem":10,"minecraft:iron_helmet":1,"minecraft:granite":34,"primalmagick:bloody_flesh":1,"minecraft:coal":6,"iceandfire:raw_silver":9},"minecraft:mined":{"minecraft:infested_deepslate":2,"iceandfire:silver_ore":5,"minecraft:granite":18,"minecraft:grass_block":5,"allomancy:aluminum_ore":4,"minecraft:spruce_leaves":3,"ars_nouveau:sourceberry_bush":1,"realmrpg_skeletons:dungeon_crawler_skeleton":1,"minecraft:iron_ore":15,"minecraft:andesite":14,"evilcraft:dark_ore":2,"create:asurine":1,"minecraft:bookshelf":2,"minecraft:stone":431,"minecraft:potted_lily_of_the_valley":1,"minecraft:cobblestone":6,"theurgy:sal_ammoniac_ore":1,"minecraft:diorite":8,"minecraft:tnt":2,"minecraft:grass":2,"minecraft:oak_log":5,"minecraft:coal_ore":4,"minecraft:gravel":3,"minecraft:dirt":17,"minecraft:cobweb":1,"pots_and_mimics:treasure_pot":2,"minecraft:oak_leaves":3,"minecraft:deepslate":28},"minecraft:used":{"minecraft:stone_sword":88,"iceandfire:silver_sword":39,"minecraft:iron_sword":246,"minecraft:rotten_flesh":1,"minecraft:cooked_chicken":1,"minecraft:torch":17,"minecraft:dirt":6,"minecraft:carrot":4,"minecraft:iron_helmet":2,"minecraft:written_book":3,"ars_nouveau:sourceberry_bush":4,"tombstone:gift":1,"minecraft:cooked_beef":4,"minecraft:cobbled_deepslate":2,"minecraft:iron_leggings":1,"alexsmobs:raw_catfish":2,"minecraft:diorite":1,"minecraft:stone_pickaxe":97,"occultism:datura_seeds":4,"minecraft:leather_chestplate":1,"minecraft:cookie":5,"minecraft:crafting_table":1,"minecraft:zombie_head":2,"minecraft:cobblestone":75,"minecraft:chainmail_boots":1,"alexsmobs:animal_dictionary":1,"structurize:sceptergold":1,"minecraft:chainmail_leggings":1},"minecraft:custom":{"lootr:looted_stat":5,"minecraft:mob_kills":20,"minecraft:interact_with_crafting_table":8,"minecraft:damage_dealt_resisted":401,"minecraft:time_since_death":7858,"minecraft:climb_one_cm":1165,"minecraft:damage_resisted":40,"minecraft:sprint_one_cm":53812,"minecraft:walk_one_cm":306205,"minecraft:drop":65,"minecraft:talked_to_villager":1,"minecraft:play_time":173699,"minecraft:deaths":7,"minecraft:sneak_time":701,"minecraft:walk_under_water_one_cm":25159,"minecraft:jump":1056,"minecraft:walk_on_water_one_cm":67628,"minecraft:total_world_time":173699,"minecraft:interact_with_furnace":9,"tombstone:raider_killed":1,"minecraft:sleep_in_bed":1,"minecraft:time_since_rest":7582,"minecraft:damage_taken":2285,"minecraft:damage_dealt":5778,"tombstone:cast_on_ally":0,"minecraft:swim_one_cm":9149,"minecraft:fly_one_cm":78488,"minecraft:open_chest":13,"minecraft:crouch_one_cm":2371,"tombstone:undead_killed":4,"minecraft:fall_one_cm":29202},"minecraft:broken":{"minecraft:stone_sword":1,"consecration:fire_stick":1,"minecraft:leather_chestplate":1,"minecraft:stone_pickaxe":1,"minecraft:iron_sword":1},"minecraft:crafted":{"minecraft:oak_planks":5,"minecraft:stone_pickaxe":1,"iceandfire:silver_ingot":5,"minecraft:crafting_table":1,"minecraft:air":42,"minecraft:stick":5,"minecraft:torch":4,"iceandfire:silver_sword":1},"minecraft:killed_by":{"minecraft:player":1,"realmrpg_demons:chort":1,"minecraft:skeleton":2,"minecraft:zombie":1,"cave_dweller:cave_dweller":1},"minecraft:killed":{"minecraft:evoker":1,"minecraft:vex":4,"minecraft:spider":3,"minecraft:skeleton":1,"realmrpg_demons:chort":1,"minecraft:silverfish":2,"minecraft:bat":1,"alexsmobs:catfish":1,"minecraft:zombie":3,"alexsmobs:terrapin":1,"alexsmobs:fly":1},"minecraft:dropped":{"minecraft:enchanted_book":1,"iceandfire:raw_silver":4,"minecraft:wheat_seeds":1,"minecraft:glass_bottle":3,"minecraft:iron_helmet":1,"minecraft:cobblestone":355,"minecraft:book":6,"improvableskills:parchment_fragment":1,"minecraft:granite":34,"minecraft:coal":1,"minecraft:item_frame":4,"minecraft:stick":4,"minecraft:dirt":5,"ars_nouveau:worn_notebook":1,"minecraft:diorite":14,"minecraft:rabbit":1,"minecraft:iron_leggings":1,"minecraft:gold_nugget":2,"allomancy:raw_aluminum":4,"vampirism:ring":1,"minecraft:chainmail_leggings":1,"minecraft:string":4,"minecraft:bone":2,"vampirism:obi_belt":2,"minecraft:wheat":4,"minecraft:rotten_flesh":2,"evilcraft:origins_of_darkness":1,"create:asurine":2,"evilcraft:flesh_humanoid":5,"minecraft:carrot":2,"minecraft:lily_of_the_valley":1,"minecraft:flower_pot":2,"minecraft:andesite":14,"apotheosis:gem":4,"minecraft:leather_boots":2,"minecraft:spider_eye":3,"minecraft:written_book":2,"primalmagick:mystical_relic_fragment":1}},"DataVersion":3465}