{"stats":{"minecraft:crafted":{"minecraft:wheat":72},"minecraft:dropped":{"minecraft:stone_hoe":1,"minecraft:enchanted_book":3,"minecraft:daylight_detector":1,"minecraft:vindicator_spawn_egg":1,"minecraft:lapis_lazuli":14,"minecraft:oak_pressure_plate":2,"minecraft:baked_potato":2,"minecraft:tnt":4,"minecraft:diamond":26,"minecraft:bookshelf":12,"minecraft:poisonous_potato":6,"minecraft:prismarine_shard":28,"minecraft:cobblestone":1,"minecraft:spider_spawn_egg":1,"minecraft:book":14,"lucky:lucky_potion":18,"minecraft:saddle":1,"minecraft:enderman_spawn_egg":1,"minecraft:polar_bear_spawn_egg":1,"minecraft:light_weighted_pressure_plate":1,"minecraft:emerald":11,"minecraft:cobblestone_stairs":11,"minecraft:oxeye_daisy":12,"minecraft:zombie_villager_spawn_egg":1,"minecraft:redstone_lamp":4,"minecraft:milk_bucket":1,"minecraft:iron_trapdoor":2,"minecraft:stone_button":2,"minecraft:repeater":8,"minecraft:iron_door":1,"minecraft:potion":1,"minecraft:gold_nugget":2,"minecraft:wooden_sword":1,"minecraft:fermented_spider_eye":1,"minecraft:tripwire_hook":1,"minecraft:bucket":2,"minecraft:lapis_block":1,"minecraft:redstone":32,"minecraft:redstone_block":1,"minecraft:dandelion":14,"minecraft:pink_tulip":7,"minecraft:oak_door":1,"minecraft:note_block":1,"minecraft:oak_trapdoor":2,"minecraft:pufferfish_spawn_egg":1,"minecraft:ender_chest":3,"minecraft:obsidian":32,"minecraft:trader_llama_spawn_egg":1,"minecraft:iron_boots":1,"minecraft:comparator":2,"minecraft:enchanted_golden_apple":1,"minecraft:diamond_shovel":1,"minecraft:prismarine":19,"minecraft:azure_bluet":12,"minecraft:oak_sign":1,"minecraft:diamond_sword":2,"minecraft:poppy":7,"minecraft:sea_lantern":7,"minecraft:cod_spawn_egg":1,"minecraft:hay_block":4,"minecraft:trident":1,"minecraft:oak_button":2,"minecraft:allium":6,"minecraft:heavy_weighted_pressure_plate":1,"minecraft:diamond_pickaxe":2,"minecraft:quartz_block":6,"minecraft:fox_spawn_egg":1,"minecraft:hopper":4,"minecraft:end_portal_frame":5,"minecraft:redstone_torch":6,"minecraft:arrow":5,"minecraft:bow":4,"minecraft:sandstone":2,"minecraft:blue_orchid":6,"minecraft:glass":6,"minecraft:nether_quartz_ore":4,"minecraft:quartz":29,"lucky:lucky_sword":2,"minecraft:splash_potion":3,"minecraft:enchanting_table":2,"minecraft:water_bucket":1,"minecraft:quartz_slab":4},"minecraft:killed":{"minecraft:witch":1,"minecraft:pig":1,"minecraft:bat":5},"minecraft:mined":{"minecraft:yellow_terracotta":1,"minecraft:cobblestone_stairs":8,"minecraft:obsidian":7,"minecraft:lever":1,"minecraft:fire":9,"minecraft:oak_sign":1,"lucky:lucky_block":146,"minecraft:note_block":1,"minecraft:glass":5,"minecraft:cobblestone":17,"minecraft:slime_block":149,"minecraft:lapis_block":1,"minecraft:yellow_wool":76,"minecraft:stone_bricks":1},"minecraft:picked_up":{"minecraft:fishing_rod":2,"minecraft:iron_chestplate":2,"minecraft:allium":6,"minecraft:azure_bluet":12,"minecraft:splash_potion":4,"minecraft:redstone_block":1,"minecraft:ender_chest":3,"minecraft:iron_trapdoor":2,"minecraft:anvil":2,"minecraft:prismarine_shard":50,"minecraft:redstone_lamp":4,"minecraft:rabbit_stew":2,"minecraft:yellow_wool":66,"minecraft:diamond_sword":2,"minecraft:enchanted_book":8,"minecraft:potion":2,"minecraft:golden_shovel":1,"minecraft:spider_spawn_egg":1,"minecraft:golden_sword":1,"minecraft:heavy_weighted_pressure_plate":1,"minecraft:lapis_block":2,"minecraft:oak_trapdoor":2,"lucky:lucky_potion":30,"minecraft:cooked_salmon":3,"minecraft:wooden_sword":1,"minecraft:iron_leggings":2,"minecraft:quartz_slab":8,"minecraft:pufferfish":4,"minecraft:oak_sign":4,"minecraft:salmon_spawn_egg":1,"minecraft:blue_orchid":6,"minecraft:gold_nugget":1,"minecraft:comparator":2,"lucky:lucky_sword":3,"minecraft:bucket":3,"minecraft:light_weighted_pressure_plate":1,"minecraft:redstone_torch":6,"minecraft:ender_eye":1,"minecraft:player_head":1,"minecraft:poppy":7,"minecraft:enchanted_golden_apple":2,"minecraft:quartz_stairs":4,"minecraft:piston":4,"minecraft:iron_boots":1,"minecraft:stick":2,"minecraft:sandstone":2,"minecraft:music_disc_blocks":1,"minecraft:jukebox":1,"minecraft:oak_door":2,"minecraft:note_block":1,"minecraft:porkchop":9,"minecraft:golden_axe":1,"minecraft:pufferfish_spawn_egg":1,"minecraft:stone_button":3,"minecraft:trident":1,"minecraft:redstone":33,"minecraft:zombified_piglin_spawn_egg":1,"minecraft:prismarine_crystals":27,"minecraft:golden_chestplate":1,"minecraft:stone_pressure_plate":1,"minecraft:tnt":8,"minecraft:quartz_block":26,"minecraft:stone_sword":1,"minecraft:arrow":12,"minecraft:stone_shovel":1,"minecraft:tropical_fish":3,"minecraft:pumpkin_pie":11,"minecraft:golden_hoe":1,"minecraft:diamond_boots":1,"minecraft:hay_block":12,"minecraft:gold_ingot":36,"minecraft:pink_tulip":7,"minecraft:saddle":6,"minecraft:bookshelf":15,"minecraft:glistering_melon_slice":1,"minecraft:music_disc_wait":1,"minecraft:blaze_rod":1,"minecraft:obsidian":32,"minecraft:iron_bars":2,"minecraft:cod":5,"minecraft:cobblestone":17,"minecraft:oxeye_daisy":12,"minecraft:enchanting_table":2,"minecraft:clock":1,"minecraft:repeater":14,"minecraft:magma_cream":1,"minecraft:water_bucket":1,"minecraft:iron_door":1,"minecraft:tripwire_hook":1,"minecraft:salmon":4,"minecraft:fox_spawn_egg":1,"minecraft:cod_spawn_egg":1,"minecraft:golden_leggings":1,"minecraft:beacon":2,"minecraft:end_portal_frame":5,"minecraft:potato":45,"minecraft:golden_boots":1,"minecraft:cobblestone_stairs":12,"minecraft:lapis_lazuli":15,"lucky:lucky_bow":2,"minecraft:zombie_villager_spawn_egg":1,"minecraft:leather_boots":1,"minecraft:glass":6,"minecraft:stone_bricks":1,"minecraft:bow":5,"minecraft:stone_pickaxe":1,"minecraft:rabbit":1,"minecraft:prismarine":54,"minecraft:iron_sword":2,"minecraft:stone_hoe":1,"minecraft:book":18,"minecraft:vindicator_spawn_egg":1,"minecraft:nether_quartz_ore":15,"minecraft:milk_bucket":1,"minecraft:music_disc_13":1,"minecraft:strider_spawn_egg":1,"minecraft:daylight_detector":1,"minecraft:quartz":57,"minecraft:dandelion":14,"minecraft:oak_pressure_plate":2,"minecraft:poisonous_potato":19,"minecraft:dropper":12,"minecraft:enderman_spawn_egg":1,"minecraft:fermented_spider_eye":4,"minecraft:sea_lantern":17,"minecraft:dragon_egg":1,"minecraft:polar_bear_spawn_egg":1,"minecraft:diamond_shovel":1,"minecraft:music_disc_mall":1,"minecraft:dispenser":2,"minecraft:slime_block":81,"minecraft:snow_golem_spawn_egg":1,"minecraft:diamond":66,"minecraft:stone_axe":1,"minecraft:trader_llama_spawn_egg":1,"minecraft:lever":3,"minecraft:iron_helmet":1,"minecraft:diamond_axe":1,"minecraft:golden_apple":4,"minecraft:golden_horse_armor":1,"minecraft:emerald":17,"minecraft:oak_button":3,"minecraft:baked_potato":59,"minecraft:hopper":4,"minecraft:diamond_pickaxe":3},"minecraft:killed_by":{"minecraft:witch":1},"minecraft:used":{"minecraft:dispenser":2,"minecraft:stone_shovel":52,"minecraft:anvil":1,"minecraft:nether_quartz_ore":10,"minecraft:slime_block":34,"minecraft:stone_bricks":1,"minecraft:golden_sword":7,"minecraft:bow":8,"minecraft:salmon_spawn_egg":1,"lucky:lucky_potion":12,"minecraft:zombified_piglin_spawn_egg":1,"minecraft:water_bucket":1,"minecraft:dropper":7,"minecraft:stone_pickaxe":26,"minecraft:baked_potato":3,"minecraft:diamond_axe":2,"minecraft:snow_golem_spawn_egg":1,"minecraft:golden_apple":2,"minecraft:strider_spawn_egg":1,"minecraft:diamond_pickaxe":16,"minecraft:diamond_shovel":2,"minecraft:music_disc_mall":1,"minecraft:golden_leggings":1,"minecraft:yellow_wool":66,"minecraft:fishing_rod":3,"minecraft:diamond_sword":5,"minecraft:cobblestone":13,"minecraft:bucket":1,"minecraft:pumpkin_pie":3,"minecraft:jukebox":1},"minecraft:custom":{"minecraft:inspect_dropper":38,"minecraft:mob_kills":11,"minecraft:inspect_hopper":1,"minecraft:eat_cake_slice":5,"minecraft:time_since_death":0,"minecraft:damage_resisted":411,"minecraft:sprint_one_cm":41818,"minecraft:walk_one_cm":151911,"minecraft:drop":108,"minecraft:play_noteblock":1,"minecraft:talked_to_villager":1,"minecraft:play_time":56134,"minecraft:deaths":14,"minecraft:sneak_time":6194,"minecraft:walk_under_water_one_cm":631,"minecraft:jump":283,"minecraft:walk_on_water_one_cm":314,"minecraft:total_world_time":56134,"minecraft:play_record":1,"minecraft:time_since_rest":31,"minecraft:open_enderchest":1,"minecraft:damage_taken":7028,"minecraft:damage_absorbed":140,"minecraft:damage_dealt":1124,"minecraft:interact_with_beacon":5,"minecraft:swim_one_cm":1829,"minecraft:fly_one_cm":31477,"minecraft:crouch_one_cm":18377,"minecraft:inspect_dispenser":9,"minecraft:fall_one_cm":22154,"minecraft:horse_one_cm":924}},"DataVersion":3578}