{"stats":{"minecraft:mined":{"iceandfire:silver_ore":3,"minecraft:potted_lily_of_the_valley":1,"minecraft:granite":17,"minecraft:grass_block":2,"minecraft:cobblestone":2,"allomancy:aluminum_ore":4,"minecraft:spruce_leaves":3,"theurgy:sal_ammoniac_ore":1,"ars_nouveau:sourceberry_bush":1,"minecraft:diorite":8,"minecraft:andesite":14,"minecraft:tnt":2,"minecraft:coal_ore":4,"create:asurine":1,"minecraft:grass":1,"minecraft:bookshelf":2,"minecraft:oak_log":5,"minecraft:dirt":11,"minecraft:stone":261,"pots_and_mimics:treasure_pot":1,"minecraft:oak_leaves":3},"minecraft:picked_up":{"occultism:datura_seeds":1,"minecraft:flower_pot":2,"minecraft:andesite":14,"minecraft:oak_log":5,"allomancy:raw_aluminum":4,"minecraft:dirt":7,"minecraft:iron_leggings":1,"minecraft:item_frame":2,"minecraft:bone":2,"theurgy:sal_ammoniac_crystal":1,"minecraft:cooked_chicken":1,"minecraft:rabbit":1,"minecraft:book":6,"minecraft:raw_iron":1,"minecraft:stick":1,"apotheosis:gem":3,"tombstone:grave_dust":2,"minecraft:diorite":7,"minecraft:lily_of_the_valley":1,"minecraft:stone_sword":1,"minecraft:tnt":2,"alexsmobs:raw_catfish":2,"minecraft:rotten_flesh":2,"tombstone:scroll_of_knowledge":1,"minecraft:granite":16,"create:asurine":1,"ars_nouveau:sourceberry_bush":3,"minecraft:coal":4,"iceandfire:raw_silver":3,"minecraft:cobblestone":232},"minecraft:custom":{"lootr:looted_stat":3,"minecraft:interact_with_furnace":1,"minecraft:mob_kills":4,"minecraft:interact_with_crafting_table":4,"minecraft:damage_dealt_resisted":0,"minecraft:time_since_death":7667,"minecraft:sleep_in_bed":1,"minecraft:climb_one_cm":581,"minecraft:damage_resisted":19,"minecraft:time_since_rest":7296,"minecraft:sprint_one_cm":39993,"minecraft:damage_taken":1300,"minecraft:walk_one_cm":212406,"minecraft:drop":5,"minecraft:damage_dealt":2453,"minecraft:swim_one_cm":8465,"minecraft:talked_to_villager":1,"minecraft:fly_one_cm":49722,"minecraft:open_chest":13,"minecraft:crouch_one_cm":1668,"minecraft:play_time":125699,"tombstone:undead_killed":1,"minecraft:deaths":4,"minecraft:sneak_time":352,"minecraft:walk_under_water_one_cm":3820,"minecraft:jump":617,"minecraft:walk_on_water_one_cm":4627,"minecraft:total_world_time":125699,"minecraft:fall_one_cm":20948},"minecraft:used":{"alexsmobs:raw_catfish":1,"minecraft:diorite":1,"minecraft:stone_sword":24,"minecraft:stone_pickaxe":32,"occultism:datura_seeds":4,"minecraft:leather_chestplate":1,"minecraft:iron_sword":246,"minecraft:cooked_chicken":1,"minecraft:torch":9,"minecraft:dirt":6,"minecraft:crafting_table":1,"minecraft:carrot":4,"minecraft:zombie_head":2,"minecraft:iron_helmet":1,"minecraft:cobblestone":62,"minecraft:written_book":2,"minecraft:chainmail_boots":1,"ars_nouveau:sourceberry_bush":4,"tombstone:gift":1,"alexsmobs:animal_dictionary":1,"minecraft:cooked_beef":1,"structurize:sceptergold":1,"minecraft:iron_leggings":1,"minecraft:chainmail_leggings":1},"minecraft:broken":{"minecraft:iron_sword":1,"consecration:fire_stick":1},"minecraft:crafted":{"minecraft:oak_planks":5,"minecraft:crafting_table":1,"minecraft:air":42,"minecraft:stick":1,"minecraft:stone_pickaxe":1,"minecraft:torch":4},"minecraft:killed_by":{"minecraft:skeleton":1,"minecraft:zombie":1,"cave_dweller:cave_dweller":1},"minecraft:killed":{"minecraft:skeleton":1,"alexsmobs:catfish":1,"alexsmobs:terrapin":1,"alexsmobs:fly":1},"minecraft:dropped":{"minecraft:item_frame":2,"minecraft:lily_of_the_valley":1,"minecraft:dirt":1,"minecraft:flower_pot":2}},"DataVersion":3465}