{"stats":{"minecraft:crafted":{"minecraft:wheat":72},"minecraft:dropped":{"minecraft:enchanted_book":3,"minecraft:ender_chest":1,"minecraft:baked_potato":2,"minecraft:bookshelf":12,"minecraft:obsidian":27,"minecraft:trader_llama_spawn_egg":1,"minecraft:book":14,"minecraft:enchanted_golden_apple":1,"lucky:lucky_potion":12,"minecraft:oak_sign":1,"minecraft:enderman_spawn_egg":1,"minecraft:cobblestone_stairs":6,"minecraft:zombie_villager_spawn_egg":1,"minecraft:diamond_sword":1,"minecraft:hay_block":4,"minecraft:milk_bucket":1,"minecraft:diamond_pickaxe":1,"minecraft:quartz_block":6,"minecraft:end_portal_frame":3,"minecraft:sandstone":2,"minecraft:bow":1,"minecraft:nether_quartz_ore":4,"minecraft:quartz":2,"lucky:lucky_sword":2,"minecraft:bucket":2,"minecraft:enchanting_table":2,"minecraft:quartz_slab":4},"minecraft:killed":{"minecraft:pig":1,"minecraft:bat":4},"minecraft:mined":{"minecraft:yellow_terracotta":1,"minecraft:lever":1,"minecraft:glass":1,"minecraft:cobblestone":4,"minecraft:slime_block":148,"minecraft:yellow_wool":71,"minecraft:fire":2,"minecraft:oak_sign":1,"minecraft:stone_bricks":1,"lucky:lucky_block":98},"minecraft:picked_up":{"minecraft:enchanting_table":2,"minecraft:redstone_block":1,"minecraft:magma_cream":1,"minecraft:allium":6,"minecraft:azure_bluet":12,"minecraft:clock":1,"minecraft:ender_chest":1,"minecraft:splash_potion":4,"minecraft:repeater":6,"minecraft:anvil":1,"minecraft:yellow_wool":64,"minecraft:cod_spawn_egg":1,"minecraft:rabbit_stew":2,"minecraft:fox_spawn_egg":1,"minecraft:diamond_sword":1,"minecraft:beacon":1,"minecraft:end_portal_frame":3,"minecraft:potato":45,"minecraft:potion":2,"minecraft:enchanted_book":5,"minecraft:spider_spawn_egg":1,"minecraft:cobblestone_stairs":7,"minecraft:lapis_lazuli":1,"minecraft:zombie_villager_spawn_egg":1,"lucky:lucky_bow":1,"lucky:lucky_potion":16,"minecraft:wooden_sword":1,"minecraft:cooked_salmon":3,"minecraft:leather_boots":1,"minecraft:quartz_slab":8,"minecraft:blue_orchid":6,"minecraft:pufferfish":1,"minecraft:salmon_spawn_egg":1,"minecraft:oak_sign":3,"minecraft:stone_bricks":1,"minecraft:bow":1,"minecraft:gold_nugget":1,"lucky:lucky_sword":2,"minecraft:bucket":2,"minecraft:stone_pickaxe":1,"minecraft:player_head":1,"minecraft:ender_eye":1,"minecraft:poppy":7,"minecraft:enchanted_golden_apple":2,"minecraft:quartz_stairs":4,"minecraft:stone_hoe":1,"minecraft:iron_boots":1,"minecraft:book":14,"minecraft:vindicator_spawn_egg":1,"minecraft:sandstone":2,"minecraft:milk_bucket":1,"minecraft:nether_quartz_ore":15,"minecraft:music_disc_blocks":1,"minecraft:oak_door":1,"minecraft:strider_spawn_egg":1,"minecraft:quartz":57,"minecraft:dandelion":14,"minecraft:poisonous_potato":19,"minecraft:enderman_spawn_egg":1,"minecraft:dropper":10,"minecraft:porkchop":9,"minecraft:pufferfish_spawn_egg":1,"minecraft:stone_button":1,"minecraft:fermented_spider_eye":4,"minecraft:redstone":1,"minecraft:zombified_piglin_spawn_egg":1,"minecraft:dragon_egg":1,"minecraft:polar_bear_spawn_egg":1,"minecraft:stone_pressure_plate":1,"minecraft:tnt":4,"minecraft:quartz_block":26,"minecraft:stone_sword":1,"minecraft:snow_golem_spawn_egg":1,"minecraft:stone_shovel":1,"minecraft:trader_llama_spawn_egg":1,"minecraft:stone_axe":1,"minecraft:diamond":40,"minecraft:slime_block":81,"minecraft:pumpkin_pie":11,"minecraft:lever":1,"minecraft:diamond_boots":1,"minecraft:hay_block":12,"minecraft:bookshelf":12,"minecraft:oak_button":1,"minecraft:pink_tulip":7,"minecraft:golden_apple":4,"minecraft:glistering_melon_slice":1,"minecraft:saddle":2,"minecraft:gold_ingot":15,"minecraft:emerald":6,"minecraft:baked_potato":37,"minecraft:blaze_rod":1,"minecraft:cobblestone":3,"minecraft:obsidian":27,"minecraft:iron_bars":2,"minecraft:cod":1,"minecraft:oxeye_daisy":12,"minecraft:diamond_pickaxe":2},"minecraft:used":{"minecraft:dropper":4,"minecraft:stone_pickaxe":3,"minecraft:stone_shovel":52,"minecraft:baked_potato":2,"minecraft:snow_golem_spawn_egg":1,"minecraft:golden_apple":2,"minecraft:strider_spawn_egg":1,"minecraft:diamond_pickaxe":6,"minecraft:slime_block":34,"minecraft:stone_bricks":1,"minecraft:yellow_wool":64,"minecraft:cobblestone":3,"minecraft:diamond_sword":5,"minecraft:salmon_spawn_egg":1,"minecraft:pumpkin_pie":1,"lucky:lucky_potion":4,"minecraft:zombified_piglin_spawn_egg":1},"minecraft:custom":{"minecraft:inspect_dropper":15,"minecraft:mob_kills":9,"minecraft:time_since_death":11760,"minecraft:time_since_rest":11788,"minecraft:damage_taken":2428,"minecraft:sprint_one_cm":13590,"minecraft:damage_absorbed":140,"minecraft:walk_one_cm":109909,"minecraft:drop":37,"minecraft:damage_dealt":956,"minecraft:talked_to_villager":1,"minecraft:fly_one_cm":10680,"minecraft:crouch_one_cm":14452,"minecraft:play_time":38134,"minecraft:deaths":6,"minecraft:sneak_time":4726,"minecraft:jump":179,"minecraft:total_world_time":38134,"minecraft:fall_one_cm":9339,"minecraft:horse_one_cm":924}},"DataVersion":3578}