{"stats":{"minecraft:picked_up":{"irons_spellbooks:scroll":2,"minecraft:iron_chestplate":2,"minecraft:wheat":5,"minecraft:flower_pot":4,"minecraft:lead":1,"minecraft:enchanted_book":9,"primalmagick:sunwood_sapling":2,"primalmagick:mystical_relic_fragment":12,"minecraft:golden_sword":2,"iceandfire:manuscript":13,"minecraft:string":16,"minecraft:iron_leggings":2,"vampirism:obi_belt":1,"irons_spellbooks:arcane_essence":7,"minecraft:cobbled_deepslate":14,"minecraft:gold_nugget":2,"minecraft:written_book":2,"minecraft:iron_pickaxe":1,"irons_spellbooks:inscription_table":1,"minecraft:tipped_arrow":1,"iceandfire:ghost_chest":1,"minecraft:stick":7,"apotheosis:gem":10,"improvableskills:parchment_fragment":2,"minecraft:polished_deepslate_stairs":2,"minecraft:oak_fence":1,"paganbless:belladonna_plant":3,"minecraft:torch":2,"minecraft:spruce_stairs":1,"minecraft:snow_block":26,"minecraft:porkchop":16,"vampirism:holy_water_bottle_enhanced":2,"vampirism:vampire_fang":2,"tombstone:grave_dust":6,"minecraft:diorite":14,"minecraft:stone_sword":3,"minecraft:rotten_flesh":30,"allomancy:lerasium_nugget":1,"ars_nouveau:worn_notebook":2,"minecraft:carved_pumpkin":1,"create:asurine":2,"ars_nouveau:sourceberry_bush":3,"minecraft:cod":1,"minecraft:iron_bars":3,"minecraft:snowball":16,"minecraft:cobblestone":520,"minecraft:birch_log":6,"occultism:datura_seeds":1,"vampirism:vampire_book":1,"vampirism:weapon_table":1,"minecraft:feather":1,"minecraft:cooked_beef":3,"vampirism:med_chair":1,"minecraft:water_bucket":1,"minecraft:andesite":36,"minecraft:golden_leggings":2,"minecraft:smoker":1,"vampirism:stake":1,"evilcraft:flesh_humanoid":4,"minecraft:dirt":121,"tombstone:familiar_receptacle":1,"paganbless:belladonna":1,"primalmagick:sunwood_log":5,"minecraft:leather_boots":4,"minecraft:bone":15,"theurgy:sal_ammoniac_crystal":1,"irons_spellbooks:pedestal":1,"minecraft:wheat_seeds":6,"minecraft:deepslate_brick_slab":1,"tombstone:scroll_of_reach":1,"minecraft:mossy_stone_bricks":1,"minecraft:rabbit":2,"minecraft:oak_planks":4,"irons_spellbooks:frozen_bone":3,"patchouli:guide_book":2,"vampirism:ring":2,"sophisticatedbackpacks:iron_backpack":1,"minecraft:lily_of_the_valley":2,"minecraft:dark_oak_log":1,"alexsmobs:animal_dictionary":1,"ars_nouveau:wilden_horn":2,"minecraft:mossy_cobblestone":2,"minecraft:bundle":2,"irons_spellbooks:ice_rune":1,"minecraft:diamond":1,"improvableskills:skills_book":1,"waystones:waystone":1,"minecraft:granite":34,"minecraft:emerald":2,"minecraft:bread":6,"paganbless:rue_plant":1,"minecraft:oak_sapling":6,"minecraft:dark_oak_fence":5,"iceandfire:raw_silver":9,"ars_nouveau:red_archwood_log":10,"minecraft:charcoal":4,"minecraft:coarse_dirt":9,"minecraft:crafting_table":2,"primalmagick:blood_notes":2,"minecraft:chicken":1,"minecraft:turtle_helmet":1,"minecraft:chain":4,"minecraft:item_frame":5,"minecraft:iron_shovel":2,"minecraft:cracked_stone_bricks":1,"improvableskills:scroll_normal":3,"minecraft:beef":14,"iceandfire:dread_shard":1,"minecraft:spruce_slab":3,"minecraft:birch_sapling":6,"minecraft:phantom_membrane":1,"minecraft:raw_copper_block":19,"minecraft:egg":4,"minecraft:raw_iron":15,"minecraft:stone":3,"minecraft:copper_ingot":1,"minecraft:cookie":6,"minecraft:trident":1,"minecraft:carrot":6,"ars_nouveau:ritual_wilden_summon":1,"minecraft:dark_oak_planks":2,"minecraft:tnt":6,"minecraft:arrow":13,"minecraft:deepslate_bricks":1,"minecraft:hay_block":20,"minecraft:stripped_dark_oak_wood":1,"minecraft:totem_of_undying":2,"minecraft:glistering_melon_slice":3,"minecraft:gold_ingot":5,"minecraft:mutton":12,"minecraft:skeleton_skull":1,"minecraft:white_wool":3,"paganbless:lavender":4,"vampirism:vampire_blood_bottle":5,"minecraft:basalt":3,"minecraft:salmon":3,"minecraft:leather":9,"realmrpg_creep:creeping_sprout":5,"minecraft:oak_log":31,"minecraft:chainmail_chestplate":1,"minecraft:yellow_bed":1,"allomancy:raw_aluminum":4,"irons_spellbooks:common_ink":2,"vampirism:human_heart":1,"minecraft:light_blue_banner":1,"minecraft:apple":13,"minecraft:stone_bricks":6,"minecraft:iron_ingot":6,"minecraft:oak_fence_gate":1,"minecraft:cooked_chicken":1,"minecraft:stripped_oak_wood":11,"minecraft:glass_bottle":4,"minecraft:dark_oak_stairs":5,"minecraft:book":24,"minecraft:dark_oak_slab":5,"minecraft:pumpkin":2,"graveyard:ossuary":1,"minecraft:dandelion":1,"minecraft:raw_iron_block":23,"minecraft:spider_eye":5,"alexsmobs:raw_catfish":2,"tombstone:scroll_of_knowledge":1,"minecraft:chainmail_leggings":2,"minecraft:iron_helmet":3,"evilcraft:dark_gem":10,"tombstone:magic_scroll":1,"minecraft:stripped_dark_oak_log":1,"primalmagick:bloody_flesh":4,"minecraft:coal":9,"minecraft:ender_pearl":1},"minecraft:crafted":{"minecraft:oak_planks":17,"vampirism:med_chair":1,"iceandfire:lectern":1,"vampirism:crossbow_arrow_normal":8,"tombstone:grave_key":1,"minecraft:chest":1,"vampirism:stake":4,"sophisticatedbackpacks:backpack":1,"minecraft:crafting_table":1,"minecraft:stick":8,"minecraft:iron_ingot":15,"iceandfire:silver_sword":1,"minecraft:leather":5,"minecraft:iron_axe":1,"minecraft:stone_pickaxe":1,"minecraft:dark_oak_planks":1,"minecraft:wheat":10,"sophisticatedbackpacks:iron_backpack":1,"minecraft:cooked_beef":7,"iceandfire:silver_ingot":5,"minecraft:cooked_salmon":1,"sophisticatedbackpacks:gold_backpack":1,"minecraft:bread":35,"minecraft:air":218,"iceandfire:bestiary":1,"minecraft:torch":4},"minecraft:mined":{"minecraft:dark_oak_planks":2,"minecraft:potted_crimson_fungus":1,"minecraft:granite":18,"minecraft:grass_block":74,"vampirism:weapon_table":1,"minecraft:deepslate_bricks":1,"allomancy:aluminum_ore":4,"ars_nouveau:sourceberry_bush":1,"realmrpg_skeletons:dungeon_crawler_skeleton":1,"minecraft:spawner":1,"minecraft:raw_iron_block":23,"minecraft:iron_ore":15,"graveyard:ossuary":1,"minecraft:pumpkin":2,"minecraft:stripped_dark_oak_wood":1,"minecraft:dark_oak_stairs":6,"create:asurine":1,"realmrpg_skeletons:rookie_skeleton":1,"ars_nouveau:red_archwood_log":13,"primalmagick:sunwood_log":5,"minecraft:dirt_path":5,"minecraft:iron_bars":3,"minecraft:deepslate_brick_stairs":3,"minecraft:spruce_slab":3,"irons_spellbooks:pedestal":1,"minecraft:polished_deepslate_stairs":2,"minecraft:smoker":1,"minecraft:powder_snow":33,"minecraft:torch":1,"iceandfire:ghost_chest":1,"paganbless:belladonna_plant":1,"minecraft:cobblestone":16,"minecraft:oak_planks":4,"minecraft:chain":1,"minecraft:dark_oak_slab":4,"minecraft:birch_log":6,"minecraft:blue_ice":1,"vampirism:med_chair":1,"minecraft:stripped_oak_wood":11,"minecraft:tnt":6,"minecraft:grass":14,"minecraft:oak_log":23,"minecraft:oak_fence_gate":2,"minecraft:dirt":68,"minecraft:raw_copper_block":19,"minecraft:oak_leaves":23,"iceandfire:dread_stone_bricks":1,"minecraft:deepslate":28,"minecraft:infested_deepslate":2,"primalmagick:sunwood_leaves":20,"iceandfire:silver_ore":5,"minecraft:mossy_cobblestone":11,"minecraft:dark_oak_log":1,"minecraft:dark_oak_fence":5,"minecraft:spruce_leaves":5,"minecraft:hay_block":20,"minecraft:deepslate_brick_slab":1,"minecraft:andesite":23,"evilcraft:dark_ore":2,"minecraft:bookshelf":6,"minecraft:vine":2,"minecraft:packed_ice":3,"irons_spellbooks:inscription_table":1,"realmrpg_skeletons:trident_skeleton":1,"minecraft:stone":466,"minecraft:podzol":3,"minecraft:potted_lily_of_the_valley":2,"minecraft:snow_block":26,"minecraft:stripped_dark_oak_log":1,"minecraft:basalt":6,"minecraft:oak_fence":1,"minecraft:crafting_table":2,"minecraft:tall_grass":1,"theurgy:sal_ammoniac_ore":1,"minecraft:cracked_deepslate_bricks":1,"minecraft:diorite":8,"minecraft:spruce_stairs":1,"minecraft:coarse_dirt":5,"graveyard:small_white_urn":1,"minecraft:birch_leaves":4,"minecraft:yellow_bed":1,"minecraft:coal_ore":4,"minecraft:gravel":3,"minecraft:cobweb":3,"minecraft:cracked_stone_bricks":1,"minecraft:stone_bricks":8,"minecraft:mossy_stone_bricks":3,"pots_and_mimics:treasure_pot":2},"minecraft:broken":{"minecraft:iron_chestplate":1,"minecraft:golden_shovel":1,"minecraft:iron_leggings":1,"consecration:fire_stick":1,"minecraft:chainmail_boots":1,"minecraft:stone_pickaxe":1,"minecraft:iron_sword":1,"minecraft:stone_sword":1,"vampirism:stake":1,"minecraft:leather_chestplate":1,"vampirism:hunter_coat_head_ultimate":1,"minecraft:iron_axe":1,"minecraft:leather_boots":2},"minecraft:killed_by":{"minecraft:creeper":1,"minecraft:pillager":1,"realmrpg_creep:halloweed":1,"minecraft:zombie":2,"iceandfire:fire_dragon":1,"minecraft:player":1,"realmrpg_demons:chort":1,"minecraft:skeleton":3,"cave_dweller:cave_dweller":1},"minecraft:custom":{"lootr:looted_stat":69,"minecraft:interact_with_crafting_table":28,"minecraft:bell_ring":1,"minecraft:eat_cake_slice":9,"minecraft:leave_game":3,"minecraft:time_since_death":4259,"minecraft:damage_resisted":40,"minecraft:sprint_one_cm":371738,"minecraft:drop":132,"minecraft:play_noteblock":2,"minecraft:talked_to_villager":8,"minecraft:play_time":446645,"minecraft:deaths":15,"minecraft:jump":4911,"minecraft:walk_on_water_one_cm":148030,"minecraft:interact_with_furnace":39,"minecraft:sleep_in_bed":4,"minecraft:waystone_activated":3,"minecraft:damage_dealt":32019,"minecraft:player_kills":1,"minecraft:crouch_one_cm":4876,"tombstone:undead_killed":39,"tombstone:villager_killed":1,"minecraft:interact_with_smoker":1,"minecraft:mob_kills":117,"minecraft:damage_dealt_resisted":24464,"minecraft:climb_one_cm":12106,"minecraft:walk_one_cm":1269137,"vampirism:capture_village":1,"minecraft:damage_dealt_absorbed":80,"minecraft:sneak_time":1585,"minecraft:walk_under_water_one_cm":65365,"minecraft:total_world_time":446645,"vampirism:win_village_capture":2,"tombstone:raider_killed":9,"minecraft:tune_noteblock":13,"minecraft:time_since_rest":3138,"minecraft:damage_absorbed":833,"minecraft:damage_taken":9364,"minecraft:trigger_trapped_chest":2,"tombstone:cast_on_ally":0,"minecraft:swim_one_cm":172148,"minecraft:fly_one_cm":802572,"minecraft:open_chest":98,"vampirism:defend_village":1,"minecraft:fall_one_cm":116606},"minecraft:used":{"iceandfire:lectern":1,"minecraft:light_blue_banner":1,"minecraft:iron_shovel":50,"minecraft:iron_sword":426,"minecraft:rotten_flesh":1,"minecraft:carrot":7,"minecraft:iron_helmet":2,"minecraft:dark_oak_slab":4,"minecraft:written_book":3,"ars_nouveau:sourceberry_bush":4,"minecraft:egg":1,"alexsmobs:raw_catfish":2,"vampirism:weapon_table":1,"minecraft:diorite":1,"minecraft:stone_pickaxe":97,"occultism:datura_seeds":4,"minecraft:leather_chestplate":1,"minecraft:cookie":6,"primalmagick:bloody_flesh":1,"vampirism:hunter_coat_head_ultimate":1,"vampirism:stake":142,"waystones:waystone":1,"vampirism:basic_crossbow":7,"minecraft:zombie_head":2,"minecraft:bread":70,"tombstone:grave_key":1,"minecraft:chainmail_boots":1,"minecraft:andesite":1,"vampirism:med_chair":2,"minecraft:trident":2,"iceandfire:silver_sword":391,"minecraft:stone_sword":88,"minecraft:cooked_salmon":1,"minecraft:cooked_chicken":2,"minecraft:torch":17,"minecraft:dirt":12,"minecraft:golden_shovel":32,"minecraft:dark_oak_planks":2,"realmrpg_creep:creeping_sprout":3,"minecraft:iron_axe":226,"tombstone:gift":3,"minecraft:cooked_beef":11,"minecraft:cobbled_deepslate":2,"irons_spellbooks:pedestal":1,"sophisticatedbackpacks:gold_backpack":2,"minecraft:iron_leggings":1,"minecraft:baked_potato":1,"minecraft:crafting_table":2,"evilcraft:flesh_werewolf":1,"allomancy:lerasium_nugget":1,"minecraft:cake":1,"minecraft:iron_pickaxe":48,"tombstone:magic_scroll":1,"vampirism:hunter_coat_head_normal":1,"minecraft:cobblestone":75,"minecraft:potion":2,"minecraft:pumpkin_pie":5,"alexsmobs:animal_dictionary":1,"evilcraft:werewolf_spawn_egg":1,"structurize:sceptergold":1,"minecraft:chainmail_leggings":1,"irons_spellbooks:inscription_table":1},"minecraft:dropped":{"minecraft:iron_sword":1,"iceandfire:raw_silver":4,"ars_nouveau:ritual_wilden_summon":1,"minecraft:porkchop":16,"minecraft:diamond":1,"minecraft:glass_bottle":4,"minecraft:crafting_table":1,"improvableskills:parchment_fragment":1,"minecraft:cracked_stone_bricks":1,"minecraft:item_frame":4,"minecraft:dirt":109,"ars_nouveau:red_archwood_log":10,"minecraft:gold_nugget":2,"minecraft:glistering_melon_slice":3,"allomancy:raw_aluminum":4,"minecraft:iron_pickaxe":1,"minecraft:white_wool":2,"tombstone:familiar_receptacle":1,"minecraft:bone":2,"minecraft:gold_ingot":3,"minecraft:birch_sapling":3,"minecraft:wheat":4,"minecraft:rotten_flesh":13,"minecraft:deepslate_brick_slab":1,"minecraft:oak_planks":3,"create:asurine":2,"evilcraft:flesh_humanoid":6,"minecraft:carrot":2,"patchouli:guide_book":1,"primalmagick:bloody_flesh":2,"paganbless:lavender":4,"minecraft:charcoal":2,"minecraft:leather_boots":2,"apotheosis:gem":4,"iceandfire:bestiary":1,"minecraft:iron_bars":3,"minecraft:written_book":2,"paganbless:rue_plant":1,"minecraft:enchanted_book":1,"minecraft:iron_ingot":12,"minecraft:wheat_seeds":2,"minecraft:mossy_cobblestone":2,"vampirism:vampire_book":1,"minecraft:iron_helmet":5,"minecraft:cobblestone":364,"minecraft:book":6,"minecraft:granite":34,"minecraft:coal":1,"minecraft:stick":4,"ars_nouveau:worn_notebook":1,"minecraft:diorite":14,"minecraft:rabbit":1,"minecraft:iron_leggings":1,"paganbless:belladonna_plant":4,"vampirism:ring":3,"minecraft:chainmail_leggings":1,"minecraft:string":4,"minecraft:snow_block":26,"minecraft:coarse_dirt":9,"vampirism:obi_belt":2,"improvableskills:skills_book":1,"evilcraft:origins_of_darkness":1,"minecraft:polished_deepslate_stairs":2,"minecraft:lily_of_the_valley":1,"minecraft:deepslate_bricks":1,"minecraft:filled_map":1,"minecraft:stone":3,"minecraft:flower_pot":2,"minecraft:iron_chestplate":1,"minecraft:andesite":14,"minecraft:mossy_stone_bricks":1,"minecraft:golden_leggings":1,"minecraft:oak_sapling":4,"minecraft:carved_pumpkin":1,"minecraft:spider_eye":3,"minecraft:stone_bricks":6,"primalmagick:mystical_relic_fragment":1},"minecraft:killed":{"vampirism:vampire":10,"vampirism:advanced_vampire":1,"minecraft:spider":7,"irons_spellbooks:cryomancer":1,"minecraft:skeleton":7,"minecraft:chicken":1,"realmrpg_demons:chort":4,"minecraft:silverfish":2,"vampirism:advanced_hunter":2,"iceandfire:dread_scuttler":1,"realmrpg_creep:creepling":2,"minecraft:salmon":3,"vampirism:hunter":1,"minecraft:sheep":3,"minecraft:pillager":6,"minecraft:donkey":1,"minecraft:zombie":22,"alexsmobs:terrapin":1,"alexsmobs:fly":1,"minecraft:cow":6,"minecraft:evoker":2,"minecraft:vex":4,"realmrpg_creep:halloweed":2,"iceandfire:dread_beast":2,"minecraft:phantom":1,"iceandfire:dread_thrall":2,"minecraft:bat":2,"majruszsdifficulty:cursed_armor":1,"alexsmobs:catfish":3,"iceandfire:ghost":5,"minecraft:villager":1}},"DataVersion":3465}