{"stats":{"minecraft:mined":{"minecraft:potted_lily_of_the_valley":1,"minecraft:andesite":14,"minecraft:tnt":2,"minecraft:granite":17,"minecraft:grass":1,"minecraft:bookshelf":2,"minecraft:grass_block":2,"minecraft:oak_log":5,"minecraft:dirt":6,"minecraft:spruce_leaves":3,"ars_nouveau:sourceberry_bush":1,"minecraft:stone":213,"pots_and_mimics:treasure_pot":1,"minecraft:diorite":4,"minecraft:oak_leaves":3},"minecraft:picked_up":{"minecraft:book":6,"apotheosis:gem":3,"occultism:datura_seeds":1,"minecraft:stick":1,"minecraft:flower_pot":1,"minecraft:andesite":14,"minecraft:oak_log":5,"minecraft:diorite":4,"minecraft:lily_of_the_valley":1,"minecraft:dirt":2,"alexsmobs:raw_catfish":2,"minecraft:item_frame":2,"minecraft:tnt":2,"minecraft:iron_leggings":1,"minecraft:stone_sword":1,"tombstone:scroll_of_knowledge":1,"minecraft:granite":16,"minecraft:cooked_chicken":1,"ars_nouveau:sourceberry_bush":3,"minecraft:rabbit":1,"minecraft:cobblestone":196},"minecraft:used":{"minecraft:stone_sword":24,"minecraft:zombie_head":2,"occultism:datura_seeds":4,"minecraft:iron_helmet":1,"minecraft:leather_chestplate":1,"minecraft:iron_sword":10,"minecraft:cooked_chicken":1,"minecraft:dirt":1,"minecraft:cobblestone":62,"minecraft:written_book":2,"minecraft:chainmail_boots":1,"ars_nouveau:sourceberry_bush":4,"minecraft:cooked_beef":1,"tombstone:gift":1,"alexsmobs:animal_dictionary":1,"structurize:sceptergold":1,"minecraft:iron_leggings":1,"minecraft:chainmail_leggings":1},"minecraft:custom":{"minecraft:time_since_rest":6574,"minecraft:interact_with_furnace":1,"minecraft:sprint_one_cm":34898,"lootr:looted_stat":3,"minecraft:damage_taken":827,"minecraft:walk_one_cm":166821,"minecraft:mob_kills":3,"minecraft:drop":1,"minecraft:damage_dealt":505,"minecraft:swim_one_cm":8465,"minecraft:talked_to_villager":1,"minecraft:fly_one_cm":42190,"minecraft:open_chest":13,"minecraft:crouch_one_cm":1584,"minecraft:play_time":113699,"minecraft:deaths":3,"minecraft:sneak_time":330,"minecraft:walk_under_water_one_cm":3820,"minecraft:jump":436,"minecraft:damage_dealt_resisted":0,"minecraft:walk_on_water_one_cm":4627,"minecraft:climb_one_cm":581,"minecraft:time_since_death":6990,"minecraft:sleep_in_bed":1,"minecraft:total_world_time":113699,"minecraft:damage_resisted":3,"minecraft:fall_one_cm":18805},"minecraft:crafted":{"minecraft:oak_planks":5,"minecraft:air":20},"minecraft:killed_by":{"cave_dweller:cave_dweller":1,"minecraft:skeleton":1},"minecraft:killed":{"alexsmobs:catfish":1,"alexsmobs:terrapin":1,"alexsmobs:fly":1},"minecraft:dropped":{"minecraft:dirt":1}},"DataVersion":3465}