{"stats":{"minecraft:mined":{"minecraft:infested_deepslate":2,"primalmagick:sunwood_leaves":1,"iceandfire:silver_ore":5,"minecraft:granite":18,"minecraft:grass_block":56,"allomancy:aluminum_ore":4,"minecraft:spruce_leaves":5,"ars_nouveau:sourceberry_bush":1,"realmrpg_skeletons:dungeon_crawler_skeleton":1,"minecraft:iron_ore":15,"minecraft:andesite":23,"evilcraft:dark_ore":2,"create:asurine":1,"realmrpg_skeletons:rookie_skeleton":1,"minecraft:bookshelf":4,"minecraft:dirt_path":5,"minecraft:vine":2,"minecraft:iron_bars":3,"realmrpg_skeletons:trident_skeleton":1,"minecraft:stone":462,"minecraft:spruce_slab":2,"minecraft:podzol":3,"minecraft:potted_lily_of_the_valley":2,"minecraft:stripped_dark_oak_log":1,"minecraft:powder_snow":5,"minecraft:torch":1,"iceandfire:ghost_chest":1,"paganbless:belladonna_plant":1,"minecraft:tall_grass":1,"minecraft:cobblestone":6,"theurgy:sal_ammoniac_ore":1,"minecraft:oak_planks":1,"minecraft:diorite":8,"minecraft:coarse_dirt":5,"minecraft:birch_log":6,"vampirism:med_chair":1,"minecraft:birch_leaves":4,"minecraft:tnt":4,"minecraft:grass":4,"minecraft:coal_ore":4,"minecraft:oak_log":23,"minecraft:gravel":3,"minecraft:dirt":61,"minecraft:cobweb":2,"pots_and_mimics:treasure_pot":2,"minecraft:oak_leaves":18,"minecraft:deepslate":28},"minecraft:picked_up":{"minecraft:iron_chestplate":1,"minecraft:coarse_dirt":3,"minecraft:wheat":4,"primalmagick:blood_notes":1,"minecraft:chicken":1,"minecraft:flower_pot":3,"minecraft:turtle_helmet":1,"minecraft:enchanted_book":6,"minecraft:chain":4,"primalmagick:mystical_relic_fragment":3,"iceandfire:manuscript":7,"minecraft:string":8,"minecraft:iron_leggings":2,"minecraft:item_frame":4,"minecraft:iron_shovel":1,"vampirism:obi_belt":1,"minecraft:gold_nugget":2,"minecraft:cobbled_deepslate":14,"minecraft:beef":8,"minecraft:written_book":2,"minecraft:iron_pickaxe":1,"minecraft:spruce_slab":2,"minecraft:birch_sapling":6,"minecraft:egg":2,"minecraft:stick":6,"minecraft:raw_iron":15,"iceandfire:ghost_chest":1,"apotheosis:gem":6,"improvableskills:parchment_fragment":2,"minecraft:copper_ingot":1,"minecraft:torch":2,"minecraft:cookie":6,"vampirism:vampire_fang":2,"tombstone:grave_dust":2,"minecraft:diorite":14,"minecraft:trident":1,"minecraft:carrot":1,"minecraft:tnt":4,"minecraft:stone_sword":2,"minecraft:arrow":2,"minecraft:rotten_flesh":20,"minecraft:cod":1,"ars_nouveau:worn_notebook":2,"minecraft:carved_pumpkin":1,"create:asurine":2,"minecraft:glistering_melon_slice":3,"minecraft:gold_ingot":1,"minecraft:totem_of_undying":1,"ars_nouveau:sourceberry_bush":3,"minecraft:mutton":4,"minecraft:iron_bars":3,"minecraft:skeleton_skull":1,"minecraft:snowball":16,"minecraft:white_wool":3,"minecraft:cobblestone":509,"minecraft:birch_log":6,"occultism:datura_seeds":1,"minecraft:feather":1,"vampirism:vampire_blood_bottle":4,"minecraft:cooked_beef":3,"vampirism:med_chair":1,"minecraft:salmon":3,"minecraft:water_bucket":1,"minecraft:andesite":36,"minecraft:leather":4,"realmrpg_creep:creeping_sprout":5,"minecraft:oak_log":31,"evilcraft:flesh_humanoid":3,"allomancy:raw_aluminum":4,"minecraft:dirt":85,"tombstone:familiar_receptacle":1,"paganbless:belladonna":1,"minecraft:leather_boots":2,"minecraft:bone":9,"theurgy:sal_ammoniac_crystal":1,"minecraft:wheat_seeds":4,"minecraft:cooked_chicken":1,"tombstone:scroll_of_reach":1,"minecraft:rabbit":2,"minecraft:glass_bottle":4,"minecraft:oak_planks":1,"minecraft:book":18,"patchouli:guide_book":2,"minecraft:lily_of_the_valley":2,"minecraft:spider_eye":3,"ars_nouveau:wilden_horn":2,"alexsmobs:animal_dictionary":1,"alexsmobs:raw_catfish":2,"tombstone:scroll_of_knowledge":1,"minecraft:chainmail_leggings":1,"evilcraft:dark_gem":10,"minecraft:iron_helmet":1,"minecraft:granite":34,"tombstone:magic_scroll":1,"minecraft:oak_sapling":6,"minecraft:stripped_dark_oak_log":1,"primalmagick:bloody_flesh":1,"minecraft:coal":7,"iceandfire:raw_silver":9},"minecraft:killed_by":{"minecraft:player":1,"realmrpg_demons:chort":1,"minecraft:skeleton":3,"minecraft:zombie":2,"cave_dweller:cave_dweller":1},"minecraft:crafted":{"minecraft:oak_planks":5,"vampirism:med_chair":1,"vampirism:crossbow_arrow_normal":8,"minecraft:stone_pickaxe":1,"minecraft:chest":1,"vampirism:stake":2,"minecraft:dark_oak_planks":1,"sophisticatedbackpacks:iron_backpack":1,"minecraft:cooked_beef":7,"sophisticatedbackpacks:backpack":1,"iceandfire:silver_ingot":5,"minecraft:crafting_table":1,"sophisticatedbackpacks:gold_backpack":1,"minecraft:bread":5,"minecraft:air":68,"minecraft:stick":6,"minecraft:iron_ingot":14,"minecraft:torch":4,"iceandfire:silver_sword":1},"minecraft:used":{"minecraft:iron_shovel":50,"minecraft:stone_sword":88,"minecraft:trident":2,"iceandfire:silver_sword":180,"minecraft:iron_sword":246,"minecraft:cooked_chicken":1,"minecraft:rotten_flesh":1,"minecraft:torch":17,"minecraft:dirt":9,"minecraft:carrot":7,"realmrpg_creep:creeping_sprout":3,"minecraft:iron_axe":36,"minecraft:iron_helmet":2,"tombstone:gift":3,"minecraft:written_book":3,"ars_nouveau:sourceberry_bush":4,"minecraft:cooked_beef":11,"sophisticatedbackpacks:gold_backpack":2,"minecraft:egg":1,"minecraft:cobbled_deepslate":2,"minecraft:iron_leggings":1,"alexsmobs:raw_catfish":2,"minecraft:diorite":1,"minecraft:stone_pickaxe":97,"occultism:datura_seeds":4,"minecraft:leather_chestplate":1,"minecraft:cookie":6,"primalmagick:bloody_flesh":1,"vampirism:hunter_coat_head_ultimate":1,"minecraft:crafting_table":1,"vampirism:stake":66,"minecraft:cake":1,"vampirism:basic_crossbow":7,"minecraft:zombie_head":2,"minecraft:bread":6,"minecraft:iron_pickaxe":25,"tombstone:magic_scroll":1,"minecraft:cobblestone":75,"minecraft:potion":1,"minecraft:chainmail_boots":1,"minecraft:andesite":1,"vampirism:med_chair":2,"alexsmobs:animal_dictionary":1,"structurize:sceptergold":1,"minecraft:chainmail_leggings":1},"minecraft:broken":{"minecraft:stone_sword":1,"consecration:fire_stick":1,"minecraft:leather_chestplate":1,"minecraft:stone_pickaxe":1,"minecraft:iron_sword":1},"minecraft:dropped":{"minecraft:enchanted_book":1,"iceandfire:raw_silver":4,"minecraft:wheat_seeds":1,"minecraft:glass_bottle":3,"minecraft:iron_helmet":2,"minecraft:cobblestone":355,"minecraft:book":6,"improvableskills:parchment_fragment":1,"minecraft:granite":34,"minecraft:coal":1,"minecraft:item_frame":4,"minecraft:stick":4,"minecraft:dirt":5,"ars_nouveau:worn_notebook":1,"minecraft:diorite":14,"minecraft:rabbit":1,"minecraft:iron_leggings":1,"minecraft:gold_nugget":2,"allomancy:raw_aluminum":4,"minecraft:glistering_melon_slice":3,"vampirism:ring":2,"minecraft:chainmail_leggings":1,"minecraft:string":4,"minecraft:white_wool":2,"tombstone:familiar_receptacle":1,"minecraft:gold_ingot":3,"minecraft:bone":2,"vampirism:obi_belt":2,"minecraft:birch_sapling":3,"minecraft:wheat":4,"minecraft:rotten_flesh":2,"evilcraft:origins_of_darkness":1,"create:asurine":2,"minecraft:carrot":2,"evilcraft:flesh_humanoid":5,"patchouli:guide_book":1,"minecraft:lily_of_the_valley":1,"minecraft:flower_pot":2,"minecraft:andesite":14,"apotheosis:gem":4,"minecraft:leather_boots":2,"minecraft:oak_sapling":2,"minecraft:spider_eye":3,"minecraft:written_book":2,"primalmagick:mystical_relic_fragment":1},"minecraft:killed":{"minecraft:evoker":1,"vampirism:vampire":6,"minecraft:vex":4,"vampirism:advanced_vampire":1,"realmrpg_creep:halloweed":2,"minecraft:spider":4,"minecraft:skeleton":1,"minecraft:chicken":1,"realmrpg_demons:chort":2,"minecraft:silverfish":2,"realmrpg_creep:creepling":1,"minecraft:salmon":3,"minecraft:bat":2,"minecraft:sheep":3,"alexsmobs:catfish":3,"minecraft:zombie":14,"iceandfire:ghost":3,"alexsmobs:terrapin":1,"alexsmobs:fly":1,"minecraft:cow":3},"minecraft:custom":{"lootr:looted_stat":34,"minecraft:mob_kills":63,"minecraft:interact_with_crafting_table":16,"minecraft:bell_ring":1,"minecraft:damage_dealt_resisted":20907,"minecraft:eat_cake_slice":9,"minecraft:leave_game":1,"minecraft:time_since_death":22359,"minecraft:climb_one_cm":2203,"minecraft:damage_resisted":40,"minecraft:sprint_one_cm":176451,"minecraft:walk_one_cm":777045,"minecraft:drop":77,"vampirism:capture_village":1,"minecraft:play_noteblock":2,"minecraft:talked_to_villager":4,"minecraft:play_time":271100,"minecraft:sneak_time":1033,"minecraft:deaths":9,"minecraft:walk_under_water_one_cm":53420,"minecraft:jump":2535,"minecraft:walk_on_water_one_cm":124221,"minecraft:total_world_time":271100,"vampirism:win_village_capture":1,"minecraft:interact_with_furnace":33,"tombstone:raider_killed":1,"minecraft:tune_noteblock":7,"minecraft:sleep_in_bed":2,"minecraft:time_since_rest":21509,"minecraft:damage_absorbed":17,"minecraft:damage_taken":3998,"minecraft:trigger_trapped_chest":2,"minecraft:damage_dealt":13394,"tombstone:cast_on_ally":0,"minecraft:swim_one_cm":110941,"minecraft:fly_one_cm":264500,"minecraft:open_chest":60,"minecraft:crouch_one_cm":3524,"tombstone:undead_killed":18,"minecraft:fall_one_cm":71389,"minecraft:interact_with_smoker":1}},"DataVersion":3465}