{"stats":{"minecraft:picked_up":{"occultism:datura_seeds":1,"minecraft:wheat":2,"minecraft:iron_chestplate":1,"minecraft:cooked_beef":3,"minecraft:water_bucket":1,"minecraft:flower_pot":2,"minecraft:andesite":28,"minecraft:enchanted_book":4,"minecraft:oak_log":5,"evilcraft:flesh_humanoid":1,"allomancy:raw_aluminum":4,"minecraft:string":4,"minecraft:dirt":7,"minecraft:iron_leggings":1,"minecraft:leather_boots":2,"minecraft:item_frame":2,"minecraft:iron_shovel":1,"minecraft:bone":2,"theurgy:sal_ammoniac_crystal":1,"minecraft:gold_nugget":2,"minecraft:cobbled_deepslate":2,"tombstone:scroll_of_reach":1,"minecraft:cooked_chicken":1,"minecraft:written_book":2,"minecraft:glass_bottle":3,"minecraft:rabbit":2,"minecraft:book":6,"minecraft:raw_iron":15,"minecraft:stick":2,"apotheosis:gem":4,"patchouli:guide_book":2,"minecraft:torch":1,"minecraft:cookie":5,"minecraft:carrot":1,"tombstone:grave_dust":2,"minecraft:diorite":14,"minecraft:lily_of_the_valley":1,"minecraft:spider_eye":2,"alexsmobs:animal_dictionary":1,"minecraft:stone_sword":2,"minecraft:tnt":2,"alexsmobs:raw_catfish":2,"minecraft:rotten_flesh":3,"minecraft:iron_helmet":1,"tombstone:scroll_of_knowledge":1,"minecraft:chainmail_leggings":1,"ars_nouveau:worn_notebook":1,"evilcraft:dark_gem":10,"minecraft:granite":34,"create:asurine":2,"ars_nouveau:sourceberry_bush":3,"minecraft:coal":6,"iceandfire:raw_silver":9,"minecraft:cobblestone":402},"minecraft:mined":{"minecraft:infested_deepslate":2,"iceandfire:silver_ore":5,"minecraft:potted_lily_of_the_valley":1,"minecraft:granite":18,"minecraft:grass_block":2,"minecraft:cobblestone":6,"allomancy:aluminum_ore":4,"minecraft:spruce_leaves":3,"theurgy:sal_ammoniac_ore":1,"ars_nouveau:sourceberry_bush":1,"minecraft:diorite":8,"realmrpg_skeletons:dungeon_crawler_skeleton":1,"minecraft:iron_ore":15,"minecraft:andesite":14,"minecraft:tnt":2,"evilcraft:dark_ore":2,"minecraft:coal_ore":4,"create:asurine":1,"minecraft:grass":1,"minecraft:bookshelf":2,"minecraft:oak_log":5,"minecraft:dirt":11,"minecraft:cobweb":1,"minecraft:stone":345,"minecraft:deepslate":28,"pots_and_mimics:treasure_pot":2,"minecraft:oak_leaves":3},"minecraft:custom":{"lootr:looted_stat":3,"minecraft:interact_with_furnace":9,"minecraft:mob_kills":11,"minecraft:interact_with_crafting_table":8,"minecraft:damage_dealt_resisted":0,"minecraft:time_since_death":7452,"minecraft:sleep_in_bed":1,"minecraft:climb_one_cm":581,"minecraft:damage_resisted":40,"minecraft:time_since_rest":7188,"minecraft:sprint_one_cm":43995,"minecraft:damage_taken":2050,"minecraft:walk_one_cm":281109,"minecraft:drop":38,"tombstone:cast_on_ally":0,"minecraft:damage_dealt":4383,"minecraft:swim_one_cm":9149,"minecraft:talked_to_villager":1,"minecraft:fly_one_cm":61917,"minecraft:open_chest":13,"minecraft:crouch_one_cm":2357,"minecraft:play_time":161699,"tombstone:undead_killed":2,"minecraft:deaths":6,"minecraft:sneak_time":666,"minecraft:walk_under_water_one_cm":25159,"minecraft:jump":878,"minecraft:walk_on_water_one_cm":67589,"minecraft:total_world_time":161699,"minecraft:fall_one_cm":27322},"minecraft:used":{"alexsmobs:raw_catfish":2,"minecraft:diorite":1,"minecraft:stone_sword":88,"minecraft:stone_pickaxe":97,"occultism:datura_seeds":4,"minecraft:leather_chestplate":1,"minecraft:iron_sword":246,"minecraft:cooked_chicken":1,"minecraft:rotten_flesh":1,"minecraft:cookie":5,"minecraft:torch":17,"minecraft:dirt":6,"minecraft:crafting_table":1,"minecraft:carrot":4,"minecraft:zombie_head":2,"minecraft:iron_helmet":2,"minecraft:cobblestone":75,"minecraft:written_book":3,"minecraft:chainmail_boots":1,"ars_nouveau:sourceberry_bush":4,"tombstone:gift":1,"alexsmobs:animal_dictionary":1,"minecraft:cooked_beef":4,"minecraft:cobbled_deepslate":2,"structurize:sceptergold":1,"minecraft:iron_leggings":1,"minecraft:chainmail_leggings":1},"minecraft:crafted":{"minecraft:oak_planks":5,"iceandfire:silver_ingot":5,"minecraft:crafting_table":1,"minecraft:air":42,"minecraft:stick":5,"minecraft:stone_pickaxe":1,"minecraft:torch":4,"iceandfire:silver_sword":1},"minecraft:broken":{"minecraft:stone_pickaxe":1,"minecraft:stone_sword":1,"minecraft:iron_sword":1,"consecration:fire_stick":1,"minecraft:leather_chestplate":1},"minecraft:killed_by":{"realmrpg_demons:chort":1,"minecraft:skeleton":2,"minecraft:zombie":1,"cave_dweller:cave_dweller":1},"minecraft:killed":{"minecraft:spider":2,"minecraft:bat":1,"minecraft:skeleton":1,"alexsmobs:catfish":1,"minecraft:zombie":1,"alexsmobs:terrapin":1,"realmrpg_demons:chort":1,"minecraft:silverfish":2,"alexsmobs:fly":1},"minecraft:dropped":{"iceandfire:raw_silver":4,"minecraft:glass_bottle":3,"minecraft:iron_helmet":1,"minecraft:cobblestone":262,"minecraft:granite":34,"create:asurine":2,"minecraft:carrot":2,"evilcraft:flesh_humanoid":2,"minecraft:coal":1,"minecraft:item_frame":2,"minecraft:lily_of_the_valley":1,"minecraft:stick":1,"minecraft:dirt":1,"minecraft:flower_pot":2,"minecraft:diorite":14,"minecraft:andesite":14,"minecraft:rabbit":1,"minecraft:leather_boots":2,"minecraft:gold_nugget":2,"minecraft:chainmail_leggings":1,"minecraft:string":4,"minecraft:written_book":2,"minecraft:bone":2}},"DataVersion":3465}