{"stats":{"minecraft:broken":{"minecraft:golden_pickaxe":1},"minecraft:crafted":{"minecraft:diamond_axe":1,"minecraft:diamond_pickaxe":1},"minecraft:dropped":{"minecraft:porkchop":1,"minecraft:oak_pressure_plate":4,"minecraft:cooked_porkchop":1,"minecraft:mushroom_stew":2,"minecraft:light_weighted_pressure_plate":1,"minecraft:iron_trapdoor":4,"minecraft:stone_button":3,"minecraft:repeater":8,"minecraft:cooked_salmon":1,"minecraft:snowball":6,"minecraft:glistering_melon_slice":1,"minecraft:bucket":1,"minecraft:redstone":1,"minecraft:music_disc_blocks":1,"minecraft:oak_door":2,"minecraft:lever":1,"minecraft:cooked_chicken":1,"minecraft:comparator":2,"minecraft:glowstone_dust":1,"minecraft:cooked_mutton":2,"minecraft:salmon":1,"minecraft:carrot":1,"minecraft:potato":1,"minecraft:oak_button":2,"minecraft:heavy_weighted_pressure_plate":1,"minecraft:diamond_pickaxe":1,"minecraft:quartz_block":3,"minecraft:stone_pressure_plate":2,"minecraft:rabbit_stew":3},"minecraft:killed":{"minecraft:zombie_villager":1},"minecraft:mined":{"minecraft:yellow_terracotta":19,"minecraft:cobblestone_stairs":16,"minecraft:hopper":4,"minecraft:sandstone":56,"minecraft:fire":2,"minecraft:diamond_block":1,"minecraft:iron_bars":36,"lucky:lucky_block":29,"minecraft:redstone_wall_torch":1,"minecraft:quartz_block":15,"minecraft:oak_fence":4,"minecraft:dropper":6,"minecraft:glass":2,"minecraft:cobblestone":12,"minecraft:slime_block":20,"minecraft:prismarine":1,"minecraft:yellow_wool":15,"minecraft:redstone_lamp":3},"minecraft:picked_up":{"minecraft:fishing_rod":1,"minecraft:iron_chestplate":1,"minecraft:prismarine_shard":28,"minecraft:nether_wart":3,"minecraft:splash_potion":1,"minecraft:ender_chest":4,"minecraft:iron_trapdoor":4,"minecraft:golden_pickaxe":1,"minecraft:rabbit_stew":6,"minecraft:yellow_wool":17,"minecraft:redstone_lamp":8,"minecraft:diamond_sword":3,"minecraft:gold_block":1,"minecraft:enchanted_book":5,"minecraft:golden_shovel":1,"minecraft:golden_sword":1,"minecraft:heavy_weighted_pressure_plate":1,"minecraft:oak_trapdoor":4,"lucky:lucky_potion":22,"minecraft:cooked_salmon":2,"minecraft:quartz_slab":6,"minecraft:sticky_piston":4,"minecraft:pufferfish":4,"minecraft:gold_nugget":7,"lucky:lucky_sword":5,"minecraft:comparator":2,"minecraft:bucket":5,"minecraft:light_weighted_pressure_plate":1,"minecraft:redstone_torch":19,"minecraft:ender_eye":8,"minecraft:poppy":1,"minecraft:enchanted_golden_apple":1,"minecraft:quartz_stairs":9,"minecraft:iron_boots":1,"minecraft:piston":4,"minecraft:diamond_hoe":1,"minecraft:sandstone":51,"minecraft:music_disc_blocks":3,"minecraft:jukebox":1,"minecraft:oak_door":4,"minecraft:oak_fence":4,"minecraft:note_block":3,"minecraft:porkchop":1,"minecraft:golden_axe":1,"minecraft:pufferfish_spawn_egg":1,"minecraft:stone_button":3,"minecraft:trident":2,"minecraft:carrot":1,"minecraft:redstone":33,"minecraft:rabbit_foot":4,"minecraft:stone_pressure_plate":2,"minecraft:tnt":8,"minecraft:quartz_block":32,"minecraft:arrow":5,"minecraft:diamond_chestplate":1,"minecraft:tropical_fish":1,"minecraft:golden_hoe":1,"minecraft:hay_block":8,"minecraft:yellow_terracotta":14,"minecraft:gold_ingot":13,"minecraft:bookshelf":12,"minecraft:saddle":2,"minecraft:glistering_melon_slice":3,"minecraft:blaze_rod":5,"minecraft:blaze_powder":6,"minecraft:mutton":1,"minecraft:obsidian":36,"minecraft:cod":4,"minecraft:iron_bars":34,"minecraft:snowball":6,"minecraft:cobblestone":17,"minecraft:enchanting_table":2,"minecraft:clock":1,"minecraft:magma_cream":7,"minecraft:repeater":8,"minecraft:iron_door":3,"minecraft:water_bucket":2,"minecraft:salmon":9,"minecraft:beacon":1,"minecraft:potato":73,"minecraft:end_portal_frame":6,"minecraft:mushroom_stew":2,"minecraft:cobblestone_stairs":11,"minecraft:lapis_lazuli":23,"lucky:lucky_bow":1,"minecraft:zombie_villager_spawn_egg":1,"minecraft:cooked_mutton":2,"minecraft:glass":4,"minecraft:apple":3,"minecraft:bow":4,"minecraft:iron_ingot":3,"minecraft:cooked_chicken":1,"minecraft:glowstone_dust":1,"minecraft:prismarine":20,"minecraft:book":14,"minecraft:ghast_tear":5,"minecraft:nether_quartz_ore":41,"minecraft:milk_bucket":1,"minecraft:cooked_porkchop":4,"minecraft:daylight_detector":2,"minecraft:quartz":26,"minecraft:oak_pressure_plate":5,"minecraft:poisonous_potato":11,"minecraft:dropper":6,"minecraft:lava_bucket":1,"minecraft:enderman_spawn_egg":1,"minecraft:melon":4,"minecraft:fermented_spider_eye":6,"minecraft:diamond_block":1,"minecraft:sea_lantern":7,"minecraft:spider_eye":4,"minecraft:dragon_egg":1,"minecraft:diamond_shovel":3,"minecraft:diamond":30,"minecraft:trader_llama_spawn_egg":1,"minecraft:slime_block":20,"minecraft:lever":1,"minecraft:iron_helmet":1,"minecraft:diamond_axe":1,"minecraft:painting":4,"minecraft:bread":1,"minecraft:emerald":17,"minecraft:oak_button":2,"minecraft:baked_potato":25,"minecraft:hopper":12,"minecraft:ender_pearl":2,"minecraft:diamond_pickaxe":2},"minecraft:killed_by":{"minecraft:zombie_villager":1,"minecraft:skeleton":1,"minecraft:zombie":1},"minecraft:custom":{"minecraft:inspect_dropper":42,"minecraft:mob_kills":1,"minecraft:inspect_hopper":5,"minecraft:eat_cake_slice":2,"minecraft:time_since_death":2710,"minecraft:sprint_one_cm":20504,"minecraft:walk_one_cm":159709,"minecraft:drop":39,"minecraft:talked_to_villager":3,"minecraft:play_time":57593,"minecraft:deaths":9,"minecraft:sneak_time":6675,"minecraft:jump":115,"minecraft:total_world_time":57593,"minecraft:play_record":2,"minecraft:traded_with_villager":2,"minecraft:time_since_rest":2753,"minecraft:open_enderchest":23,"minecraft:damage_absorbed":130,"minecraft:damage_taken":2557,"minecraft:damage_dealt":225,"minecraft:fly_one_cm":21273,"minecraft:crouch_one_cm":23932,"minecraft:fall_one_cm":8917,"minecraft:inspect_dispenser":25},"minecraft:used":{"minecraft:oak_trapdoor":2,"minecraft:iron_bars":16,"minecraft:ender_chest":1,"minecraft:quartz_stairs":5,"minecraft:hopper":8,"minecraft:milk_bucket":1,"minecraft:obsidian":31,"minecraft:lava_bucket":1,"minecraft:slime_block":1,"minecraft:quartz_block":17,"minecraft:redstone_lamp":6,"minecraft:gold_block":1,"lucky:lucky_potion":11,"minecraft:golden_axe":24,"minecraft:dropper":10,"minecraft:prismarine":19,"minecraft:sandstone":51,"minecraft:yellow_terracotta":10,"minecraft:note_block":1,"minecraft:redstone_torch":4,"minecraft:diamond_pickaxe":138,"minecraft:diamond_shovel":1,"minecraft:music_disc_blocks":2,"minecraft:cobblestone":10,"minecraft:bucket":3,"minecraft:jukebox":1,"minecraft:golden_pickaxe":32}},"DataVersion":3578}