{"stats":{"minecraft:picked_up":{"minecraft:wheat":4,"vampirism:injection_garlic":1,"minecraft:crafting_table":6,"minecraft:allium":3,"minecraft:azure_bluet":1,"minecraft:chicken":1,"minecraft:ladder":6,"minecraft:flower_pot":1,"minecraft:lead":2,"minecraft:wooden_pickaxe":1,"minecraft:wither_rose":1,"minecraft:enchanted_book":1,"minecraft:stone_brick_stairs":3,"primalmagick:mystical_relic_fragment":8,"minecraft:brewing_stand":1,"vampirism:pure_salt_water":1,"minecraft:iron_axe":1,"minecraft:string":9,"minecraft:dark_oak_trapdoor":1,"minecraft:stone_stairs":3,"minecraft:iron_leggings":1,"minecraft:item_frame":3,"minecraft:zombie_head":2,"iceandfire:graveyard_soil":9,"minecraft:beetroot":4,"vampirism:obi_belt":2,"graveyard:corruption":1,"minecraft:cobbled_deepslate":13,"minecraft:beef":23,"minecraft:rose_bush":2,"minecraft:poppy":1,"minecraft:spruce_slab":3,"alexsmobs:raccoon_tail":1,"minecraft:spruce_trapdoor":3,"minecraft:furnace":2,"minecraft:egg":5,"allomancy:raw_chromium":3,"minecraft:stick":19,"minecraft:raw_iron":48,"apotheosis:gem":12,"evilcraft:origins_of_darkness":1,"minecraft:torch":3,"minecraft:spruce_stairs":2,"minecraft:note_block":1,"minecraft:spruce_fence":2,"ars_nouveau:glyph_snare":1,"minecraft:porkchop":9,"tombstone:grave_dust":1,"minecraft:cookie":9,"minecraft:diorite":3,"minecraft:mangrove_sign":12,"graveyard:small_cyan_urn":1,"minecraft:redstone":15,"paganbless:cinnabar":3,"vampirism:blood_bottle":1,"minecraft:stone_sword":1,"minecraft:arrow":10,"minecraft:rotten_flesh":35,"minecraft:carved_pumpkin":1,"minecraft:stripped_dark_oak_wood":2,"minecraft:gold_ingot":3,"ars_nouveau:sourceberry_bush":29,"minecraft:mutton":9,"minecraft:white_wool":6,"minecraft:cobblestone":323,"minecraft:lilac":1,"minecraft:mud_bricks":2,"minecraft:feather":2,"minecraft:cooked_beef":9,"minecraft:leather":18,"minecraft:brown_wool":1,"minecraft:potato":3,"realmrpg_creep:creeping_sprout":4,"alexsmobs:bear_fur":2,"minecraft:oak_log":51,"evilcraft:flesh_humanoid":1,"minecraft:lapis_lazuli":88,"allomancy:raw_aluminum":8,"minecraft:mangrove_slab":4,"minecraft:dirt":64,"tombstone:familiar_receptacle":1,"paganbless:belladonna":1,"irons_spellbooks:common_ink":2,"minecraft:bone":10,"vampirism:human_heart":2,"minecraft:gray_carpet":1,"minecraft:apple":2,"theurgy:sal_ammoniac_crystal":2,"minecraft:stone_bricks":3,"minecraft:bow":1,"minecraft:wheat_seeds":3,"allomancy:raw_tin":13,"tombstone:bag_of_seeds":1,"minecraft:iron_ingot":5,"minecraft:stripped_oak_wood":16,"minecraft:mossy_stone_bricks":3,"minecraft:glass_bottle":3,"minecraft:mossy_stone_brick_stairs":6,"minecraft:book":18,"allomancy:raw_zinc":20,"minecraft:black_candle":4,"minecraft:stone_brick_slab":1,"vampirism:ring":2,"minecraft:quartz":2,"minecraft:dandelion":2,"minecraft:sand":37,"minecraft:ink_sac":2,"minecraft:cyan_bed":2,"minecraft:spruce_log":6,"minecraft:lily_of_the_valley":4,"minecraft:mossy_stone_brick_slab":1,"minecraft:spider_eye":5,"graveyard:oak_coffin":1,"minecraft:yellow_carpet":1,"iceandfire:silver_sword":1,"minecraft:soul_lantern":1,"minecraft:iron_helmet":1,"minecraft:granite":4,"minecraft:crossbow":1,"minecraft:white_concrete":6,"tombstone:magic_scroll":1,"naturescompass:naturescompass":1,"minecraft:spruce_sign":4,"minecraft:emerald":1,"alexsmobs:maggot":1,"paganbless:rue":1,"minecraft:oak_sapling":24,"minecraft:black_wool":2,"primalmagick:bloody_flesh":1,"minecraft:coal":19,"iceandfire:raw_silver":3},"minecraft:mined":{"realmrpg_skeletons:swimmer_skeleton":1,"iceandfire:graveyard_soil":9,"allomancy:tin_ore":13,"iceandfire:silver_ore":3,"minecraft:mossy_stone_brick_slab":1,"minecraft:brewing_stand":1,"minecraft:spruce_trapdoor":3,"minecraft:ladder":6,"minecraft:granite":2,"minecraft:spruce_fence":2,"minecraft:grass_block":38,"minecraft:white_concrete":6,"allomancy:aluminum_ore":11,"minecraft:spruce_leaves":14,"minecraft:mud_bricks":2,"ars_nouveau:sourceberry_bush":13,"minecraft:redstone_ore":6,"minecraft:furnace":2,"minecraft:dark_oak_trapdoor":1,"minecraft:iron_ore":47,"minecraft:andesite":4,"minecraft:stripped_dark_oak_wood":2,"minecraft:mossy_stone_brick_stairs":3,"minecraft:bookshelf":6,"minecraft:vine":2,"allomancy:zinc_ore":20,"minecraft:black_candle":1,"minecraft:stone":156,"minecraft:spruce_slab":4,"minecraft:stone_brick_slab":1,"minecraft:powder_snow":9,"minecraft:crafting_table":5,"minecraft:note_block":1,"minecraft:rose_bush":2,"paganbless:belladonna_plant":1,"minecraft:tall_grass":4,"minecraft:copper_ore":1,"minecraft:cobblestone":16,"minecraft:lapis_ore":13,"theurgy:sal_ammoniac_ore":2,"minecraft:cyan_bed":2,"minecraft:diorite":14,"minecraft:wall_torch":3,"minecraft:spruce_stairs":2,"minecraft:stone_stairs":3,"graveyard:oak_coffin":1,"allomancy:lead_ore":1,"allomancy:chromium_ore":3,"minecraft:lilac":1,"minecraft:wither_rose":2,"minecraft:spruce_log":6,"minecraft:birch_leaves":1,"realmrpg_skeletons:acrobat_skeleton":1,"minecraft:stripped_oak_wood":16,"minecraft:stone_brick_stairs":3,"primalmagick:quartz_ore":1,"minecraft:mangrove_slab":4,"minecraft:grass":16,"minecraft:oak_log":51,"minecraft:coal_ore":16,"minecraft:sand":37,"minecraft:dirt":18,"minecraft:gray_carpet":1,"minecraft:cobweb":6,"graveyard:small_cyan_urn":1,"paganbless:rue_plant":1,"minecraft:stone_bricks":3,"minecraft:deepslate":11,"pots_and_mimics:treasure_pot":1,"minecraft:mossy_stone_bricks":3,"minecraft:oak_leaves":32,"minecraft:fern":1},"minecraft:used":{"minecraft:iron_shovel":13,"minecraft:stone_sword":107,"iceandfire:silver_sword":365,"minecraft:ladder":3,"minecraft:chest":24,"minecraft:torch":15,"minecraft:dirt":32,"evilcraft:flesh_humanoid":1,"minecraft:beef":2,"minecraft:written_book":2,"minecraft:furnace":9,"tombstone:gift":4,"minecraft:cooked_beef":4,"minecraft:cobbled_deepslate":1,"minecraft:cooked_mutton":6,"vampirism:altar_inspiration":1,"minecraft:oak_planks":1,"minecraft:stone_pickaxe":125,"minecraft:wooden_pickaxe":5,"minecraft:cookie":4,"minecraft:crafting_table":8,"tombstone:bag_of_seeds":2,"minecraft:apple":1,"minecraft:cyan_bed":2,"minecraft:iron_pickaxe":190,"minecraft:stone_axe":123,"minecraft:cobblestone":21,"vampirism:coffin_black":1,"minecraft:white_concrete":5},"minecraft:custom":{"lootr:looted_stat":57,"minecraft:mob_kills":102,"minecraft:interact_with_crafting_table":29,"goblintraders:trade_with_goblin":31,"minecraft:damage_dealt_resisted":288,"minecraft:eat_cake_slice":10,"minecraft:time_since_death":33197,"minecraft:climb_one_cm":5347,"minecraft:damage_resisted":0,"minecraft:sprint_one_cm":404581,"minecraft:walk_one_cm":725226,"minecraft:drop":39,"minecraft:play_noteblock":1,"minecraft:play_time":251761,"minecraft:deaths":23,"minecraft:sneak_time":1086,"minecraft:walk_under_water_one_cm":18609,"minecraft:interact_with_lectern":1,"minecraft:jump":2678,"minecraft:interact_with_brewingstand":1,"minecraft:walk_on_water_one_cm":41235,"minecraft:total_world_time":251761,"minecraft:interact_with_furnace":25,"tombstone:raider_killed":1,"minecraft:sleep_in_bed":5,"minecraft:waystone_activated":1,"minecraft:time_since_rest":1314,"minecraft:damage_taken":508427,"minecraft:trigger_trapped_chest":2,"minecraft:damage_dealt":18566,"minecraft:player_kills":1,"minecraft:fly_one_cm":361238,"minecraft:swim_one_cm":41367,"minecraft:open_chest":108,"minecraft:crouch_one_cm":1971,"tombstone:undead_killed":32,"minecraft:fall_one_cm":126741},"minecraft:broken":{"minecraft:stone_sword":1,"consecration:fire_stick":1,"iceandfire:silver_sword":1,"minecraft:stone_pickaxe":1,"minecraft:leather_boots":1,"minecraft:stone_axe":1},"minecraft:crafted":{"minecraft:black_dye":2,"minecraft:oak_planks":79,"minecraft:coal":1,"minecraft:furnace":7,"minecraft:cooked_mutton":6,"minecraft:glass":4,"vampirism:altar_inspiration":1,"minecraft:stone_pickaxe":2,"minecraft:chest":25,"minecraft:dark_oak_planks":2,"minecraft:black_wool":2,"sophisticatedbackpacks:iron_backpack":1,"minecraft:cooked_beef":6,"sophisticatedbackpacks:backpack":1,"iceandfire:silver_ingot":3,"minecraft:crafting_table":4,"minecraft:spruce_planks":6,"minecraft:wooden_pickaxe":1,"sophisticatedbackpacks:gold_backpack":1,"minecraft:stone_axe":2,"minecraft:air":408,"minecraft:stick":22,"minecraft:iron_ingot":66,"minecraft:iron_pickaxe":1,"minecraft:stone_sword":2,"vampirism:blood_container":1,"vampirism:coffin_black":1,"minecraft:torch":22,"iceandfire:silver_sword":1},"minecraft:killed_by":{"minecraft:zombie":1,"vampirism:vampire":15,"minecraft:vex":1},"minecraft:killed":{"vampirism:vampire":1,"vampirism:advanced_vampire":1,"realmrpg_creep:halloweed":1,"alexsmobs:raccoon":1,"minecraft:spider":7,"minecraft:skeleton":1,"minecraft:chicken":1,"realmrpg_demons:chort":3,"vampirism:advanced_hunter":1,"minecraft:wolf":1,"graveyard:ghoul":2,"alexsmobs:grizzly_bear":1,"realmrpg_creep:creepling":1,"minecraft:iron_golem":1,"minecraft:squid":2,"vampirism:hunter":3,"minecraft:sheep":5,"minecraft:pillager":1,"minecraft:zombie":27,"iceandfire:ghost":2,"alexsmobs:crow":1,"minecraft:cow":6},"minecraft:dropped":{"minecraft:wheat_seeds":2,"minecraft:cooked_beef":12,"minecraft:glass_bottle":1,"minecraft:crafting_table":1,"minecraft:cookie":5,"minecraft:cobblestone":29,"minecraft:granite":4,"minecraft:mossy_stone_brick_stairs":3,"minecraft:item_frame":2,"minecraft:stick":6,"minecraft:diorite":3,"minecraft:string":3,"tombstone:familiar_receptacle":1,"minecraft:stone_axe":1,"minecraft:stone_sword":2,"minecraft:cobbled_deepslate":12,"minecraft:wheat":2,"minecraft:rotten_flesh":16,"minecraft:oak_planks":8,"evilcraft:flesh_humanoid":2,"minecraft:lily_of_the_valley":1,"minecraft:flower_pot":1,"minecraft:oak_sapling":1,"apotheosis:gem":2,"minecraft:stone_pickaxe":1,"minecraft:beef":9,"minecraft:bow":1,"minecraft:wooden_pickaxe":1,"minecraft:quartz":1}},"DataVersion":3465}