{"stats":{"minecraft:killed_by":{"mutantmonsters:mutant_zombie":1,"vampirism:advanced_vampire":1,"minecraft:zombie":1,"vampirism:vampire":15,"minecraft:vex":1,"minecraft:player":2,"minecraft:warden":2,"irons_spellbooks:archevoker":1},"minecraft:custom":{"lootr:looted_stat":114,"minecraft:interact_with_crafting_table":81,"minecraft:open_barrel":1,"goblintraders:trade_with_goblin":31,"minecraft:bell_ring":1,"minecraft:eat_cake_slice":10,"minecraft:leave_game":5,"minecraft:time_since_death":3030,"minecraft:damage_resisted":156,"minecraft:damage_blocked_by_shield":30,"minecraft:sprint_one_cm":806207,"minecraft:drop":74,"minecraft:play_noteblock":8,"minecraft:play_time":660437,"minecraft:deaths":37,"minecraft:interact_with_brewingstand":1,"minecraft:jump":5097,"minecraft:walk_on_water_one_cm":65891,"minecraft:interact_with_furnace":57,"minecraft:sleep_in_bed":7,"minecraft:waystone_activated":4,"minecraft:damage_dealt":41495,"minecraft:crouch_one_cm":22266,"minecraft:player_kills":1,"tombstone:undead_killed":44,"minecraft:interact_with_anvil":1,"minecraft:mob_kills":222,"minecraft:damage_dealt_resisted":1346,"minecraft:climb_one_cm":18656,"minecraft:walk_one_cm":1824042,"minecraft:raid_win":1,"minecraft:sneak_time":9971,"minecraft:walk_under_water_one_cm":33340,"minecraft:interact_with_lectern":1,"minecraft:total_world_time":660437,"tombstone:raider_killed":7,"minecraft:interact_with_stonecutter":1,"minecraft:time_since_rest":1844,"minecraft:damage_taken":1119415,"minecraft:damage_absorbed":40,"minecraft:trigger_trapped_chest":2,"minecraft:swim_one_cm":122167,"minecraft:fly_one_cm":1658438,"minecraft:open_chest":384,"minecraft:fall_one_cm":205459},"minecraft:broken":{"minecraft:iron_chestplate":1,"minecraft:iron_leggings":1,"consecration:fire_stick":1,"iceandfire:silver_sword":2,"minecraft:stone_pickaxe":1,"minecraft:stone_axe":1,"minecraft:stone_sword":1,"minecraft:iron_axe":1,"minecraft:leather_boots":2,"minecraft:iron_pickaxe":1,"minecraft:iron_helmet":1},"minecraft:mined":{"minecraft:dark_oak_planks":8,"minecraft:large_amethyst_bud":3,"minecraft:spruce_planks":1,"iceandfire:graveyard_soil":9,"allomancy:tin_ore":32,"minecraft:mossy_stone_brick_slab":1,"minecraft:sculk_vein":6,"minecraft:brewing_stand":1,"minecraft:obsidian":3,"minecraft:spruce_trapdoor":12,"minecraft:granite":2,"minecraft:grass_block":107,"minecraft:light_gray_bed":1,"minecraft:white_concrete":10,"allomancy:aluminum_ore":11,"ars_nouveau:sourceberry_bush":13,"minecraft:mud_bricks":2,"minecraft:nether_wart":12,"realmrpg_skeletons:dungeon_crawler_skeleton":1,"minecraft:spawner":1,"allomancy:deepslate_cadmium_ore":6,"minecraft:sculk_catalyst":14,"minecraft:glowstone":22,"minecraft:dark_oak_trapdoor":7,"minecraft:iron_ore":47,"minecraft:fire":1,"graveyard:ossuary":1,"minecraft:anvil":1,"minecraft:deepslate_lapis_ore":8,"minecraft:stripped_dark_oak_wood":9,"minecraft:nether_brick_stairs":2,"minecraft:sculk_shrieker":14,"minecraft:dirt_path":1,"minecraft:small_amethyst_bud":8,"minecraft:oak_stairs":5,"minecraft:black_candle":1,"minecraft:smooth_sandstone_stairs":7,"ars_nouveau:enchanting_apparatus":1,"iceandfire:dread_stone_bricks_cracked":2,"minecraft:player_head":9,"minecraft:spruce_slab":4,"minecraft:blue_wall_banner":1,"minecraft:amethyst_cluster":3,"minecraft:polished_deepslate_stairs":1,"minecraft:medium_amethyst_bud":2,"minecraft:smoker":1,"minecraft:powder_snow":16,"minecraft:note_block":4,"minecraft:chest":24,"minecraft:spruce_wall_sign":3,"paganbless:belladonna_plant":1,"minecraft:nether_quartz_ore":15,"minecraft:cobblestone":16,"minecraft:oak_planks":3,"minecraft:cyan_bed":2,"minecraft:smooth_sandstone_slab":5,"minecraft:wall_torch":3,"minecraft:stone_stairs":3,"graveyard:oak_coffin":1,"ars_nouveau:repository":1,"minecraft:dark_oak_slab":16,"allomancy:lead_ore":1,"realmrpg_skeletons:webbed_skeleton":1,"evilcraft:dark_ore_deepslate":4,"minecraft:birch_log":17,"minecraft:blue_ice":1,"minecraft:lilac":4,"minecraft:jukebox":1,"realmrpg_skeletons:acrobat_skeleton":1,"minecraft:stripped_oak_wood":33,"minecraft:tnt":2,"minecraft:stone_brick_stairs":5,"primalmagick:moonwood_leaves":1,"minecraft:wither_rose":2,"primalmagick:quartz_ore":1,"minecraft:grass":24,"minecraft:oak_log":55,"minecraft:deepslate":182,"minecraft:dirt":46,"minecraft:sand":37,"iceandfire:dread_stone_bricks":1,"graveyard:small_cyan_urn":1,"paganbless:rue_plant":1,"minecraft:oak_leaves":56,"minecraft:stonecutter":1,"minecraft:netherrack":3,"minecraft:emerald_block":1,"minecraft:tuff":10,"minecraft:dark_prismarine":1,"realmrpg_skeletons:swimmer_skeleton":1,"iceandfire:silver_ore":5,"minecraft:deepslate_diamond_ore":7,"ars_nouveau:green_archwood_leaves":13,"minecraft:mangrove_wall_sign":1,"minecraft:ladder":6,"minecraft:dark_oak_fence":2,"minecraft:spruce_fence":9,"ars_nouveau:storage_lectern":1,"minecraft:spruce_leaves":15,"minecraft:large_fern":2,"minecraft:redstone_ore":6,"minecraft:furnace":3,"minecraft:andesite":15,"minecraft:mossy_stone_brick_stairs":3,"minecraft:bookshelf":9,"minecraft:deepslate_iron_ore":1,"minecraft:vine":4,"allomancy:zinc_ore":30,"vampirism:coffin_black":2,"minecraft:packed_ice":1,"irons_spellbooks:inscription_table":1,"minecraft:stone":176,"ars_nouveau:purple_archwood_log":60,"minecraft:podzol":1,"minecraft:smithing_table":1,"lootr:lootr_barrel":1,"ars_nouveau:green_archwood_log":59,"minecraft:soul_sand":20,"minecraft:stone_brick_slab":1,"minecraft:smooth_sandstone":31,"minecraft:crafting_table":8,"minecraft:rose_bush":4,"minecraft:campfire":1,"minecraft:sculk_sensor":16,"minecraft:lectern":1,"minecraft:copper_ore":5,"minecraft:tall_grass":4,"theurgy:sal_ammoniac_ore":2,"minecraft:lapis_ore":15,"minecraft:sculk":125,"minecraft:diorite":14,"ars_nouveau:blue_archwood_leaves":19,"minecraft:spruce_stairs":16,"minecraft:lime_bed":2,"ars_nouveau:blue_archwood_log":65,"ars_nouveau:arcane_pedestal":1,"allomancy:chromium_ore":3,"ars_nouveau:purple_archwood_leaves":13,"minecraft:ice":1,"minecraft:spruce_log":6,"minecraft:birch_leaves":14,"minecraft:quartz_pillar":3,"minecraft:mangrove_slab":11,"minecraft:coal_ore":21,"minecraft:zombie_head":2,"minecraft:gravel":22,"minecraft:gray_carpet":1,"minecraft:cobweb":6,"minecraft:stone_bricks":9,"ars_nouveau:imbuement_chamber":4,"minecraft:mossy_stone_bricks":3,"pots_and_mimics:treasure_pot":6,"minecraft:iron_trapdoor":1,"minecraft:fern":1},"minecraft:picked_up":{"irons_spellbooks:scroll":5,"iceandfire:dread_stone_bricks":6,"vampirism:injection_garlic":2,"minecraft:iron_chestplate":3,"minecraft:wheat":18,"minecraft:raw_copper":18,"minecraft:anvil":1,"minecraft:iron_trapdoor":1,"minecraft:flower_pot":3,"minecraft:smithing_table":1,"minecraft:magenta_carpet":1,"minecraft:lead":10,"minecraft:oak_stairs":5,"minecraft:enchanted_book":16,"minecraft:wither_rose":1,"minecraft:potion":11,"minecraft:stone_brick_stairs":5,"primalmagick:mystical_relic_fragment":25,"minecraft:brewing_stand":1,"vampirism:pure_salt_water":1,"minecraft:golden_sword":1,"allomancy:raw_cadmium":4,"iceandfire:manuscript":6,"minecraft:string":18,"minecraft:dark_oak_trapdoor":8,"alexsmobs:ancient_dart":1,"minecraft:iron_leggings":3,"minecraft:zombie_head":8,"minecraft:beetroot":4,"vampirism:obi_belt":3,"irons_spellbooks:arcane_essence":3,"minecraft:cobbled_deepslate":274,"primalmagick:moonwood_sapling":1,"minecraft:spruce_planks":1,"minecraft:rose_bush":10,"minecraft:cobblestone_slab":2,"minecraft:iron_pickaxe":1,"alexsmobs:raccoon_tail":2,"irons_spellbooks:inscription_table":2,"minecraft:iron_boots":2,"minecraft:furnace":3,"minecraft:golden_helmet":1,"minecraft:tipped_arrow":2,"allomancy:raw_chromium":3,"minecraft:stick":55,"apotheosis:gem":25,"improvableskills:parchment_fragment":5,"explorerscompass:explorerscompass":1,"minecraft:jukebox":1,"majruszsdifficulty:recall_potion":2,"irons_spellbooks:shriving_stone":1,"minecraft:polished_deepslate_stairs":1,"paganbless:belladonna_plant":10,"minecraft:torch":17,"minecraft:spruce_stairs":19,"ars_nouveau:glyph_snare":1,"minecraft:porkchop":39,"tombstone:grave_dust":8,"minecraft:diorite":3,"minecraft:goat_horn":1,"paganbless:cinnabar":3,"minecraft:stone_sword":3,"vampirism:blood_bottle":1,"minecraft:light_gray_bed":1,"minecraft:rotten_flesh":71,"ars_nouveau:imbuement_chamber":4,"minecraft:carved_pumpkin":4,"minecraft:bookshelf":8,"ars_nouveau:sourceberry_bush":29,"minecraft:blaze_rod":1,"minecraft:obsidian":3,"minecraft:snowball":8,"minecraft:cod":1,"minecraft:cobblestone":1151,"minecraft:birch_log":17,"vampirism:vampire_book":1,"minecraft:lilac":3,"minecraft:feather":5,"minecraft:cooked_beef":9,"minecraft:repeater":2,"minecraft:water_bucket":6,"minecraft:andesite":269,"create:raw_zinc":1,"minecraft:brown_wool":1,"minecraft:golden_leggings":2,"minecraft:smoker":1,"minecraft:potato":16,"alexsmobs:bear_fur":4,"vampirism:stake":1,"minecraft:flint":4,"minecraft:tuff":56,"minecraft:smooth_sandstone_stairs":8,"evilcraft:flesh_humanoid":1,"minecraft:lapis_lazuli":173,"minecraft:mangrove_slab":12,"minecraft:dirt":283,"tombstone:familiar_receptacle":1,"paganbless:belladonna":2,"minecraft:name_tag":5,"minecraft:leather_boots":1,"minecraft:purple_carpet":1,"vampirism:soul_orb_vampire":8,"minecraft:bone":43,"theurgy:sal_ammoniac_crystal":5,"minecraft:stonecutter":1,"minecraft:bow":2,"minecraft:wheat_seeds":15,"ars_nouveau:source_gem":42,"allomancy:raw_tin":34,"minecraft:raw_gold":4,"vampirism:item_garlic":2,"ars_nouveau:repository":1,"minecraft:mossy_stone_bricks":3,"minecraft:cyan_candle":3,"minecraft:glowstone_dust":66,"minecraft:oak_planks":11,"minecraft:mossy_stone_brick_stairs":9,"irons_spellbooks:frozen_bone":22,"patchouli:guide_book":1,"vampirism:ring":4,"evilcraft:dark_gem_crushed":4,"minecraft:sand":37,"minecraft:mossy_cobblestone":4,"minecraft:nether_brick_stairs":2,"minecraft:ink_sac":10,"minecraft:lily_of_the_valley":5,"minecraft:cyan_bed":2,"minecraft:dark_oak_log":9,"minecraft:barrel":2,"minecraft:dark_prismarine":2,"paganbless:mugwort":5,"minecraft:bundle":1,"irons_spellbooks:ice_rune":1,"graveyard:oak_coffin":1,"minecraft:iron_hoe":1,"minecraft:yellow_carpet":1,"minecraft:diamond":8,"tombstone:familiar_stone":1,"vampirism:basic_crossbow":1,"irons_spellbooks:divine_pearl":6,"minecraft:soul_lantern":1,"waystones:waystone":1,"minecraft:crossbow":3,"minecraft:granite":4,"alexsmobs:maggot":1,"minecraft:spruce_sign":25,"paganbless:rue":1,"paganbless:rue_plant":15,"minecraft:white_concrete":10,"minecraft:chainmail_helmet":1,"minecraft:emerald":27,"minecraft:bread":2,"minecraft:blue_banner":1,"irons_spellbooks:uncommon_ink":5,"minecraft:oak_sapling":29,"minecraft:netherrack":6,"ars_nouveau:arcane_pedestal":1,"minecraft:dark_oak_fence":9,"iceandfire:raw_silver":11,"ars_nouveau:red_archwood_log":10,"minecraft:lingering_potion":1,"sophisticatedbackpacks:gold_backpack":1,"minecraft:charcoal":4,"minecraft:coarse_dirt":3,"minecraft:crafting_table":9,"minecraft:allium":3,"minecraft:splash_potion":3,"minecraft:azure_bluet":1,"minecraft:chicken":4,"primalmagick:blood_notes":2,"minecraft:ladder":6,"minecraft:nether_wart":20,"minecraft:rabbit_stew":1,"minecraft:turtle_helmet":1,"iceandfire:dragonbone_arrow":3,"minecraft:wooden_pickaxe":1,"ars_nouveau:blue_archwood_sapling":9,"minecraft:chain":5,"minecraft:shield":1,"minecraft:oak_trapdoor":1,"minecraft:stone_stairs":3,"minecraft:iron_axe":1,"minecraft:item_frame":3,"minecraft:white_carpet":1,"minecraft:iron_shovel":4,"minecraft:cyan_carpet":2,"minecraft:cracked_stone_bricks":1,"graveyard:corruption":1,"iceandfire:graveyard_soil":9,"iceandfire:bestiary":2,"primalmagick:humming_artifact_unattuned":3,"ars_nouveau:storage_lectern":2,"minecraft:beef":62,"iceandfire:dread_shard":1,"minecraft:player_head":13,"twilightforest:naga_scale":3,"minecraft:poppy":3,"minecraft:iron_nugget":33,"minecraft:spruce_slab":6,"minecraft:lectern":1,"minecraft:sugar_cane":11,"minecraft:chest":25,"minecraft:birch_sapling":7,"minecraft:spruce_trapdoor":12,"minecraft:phantom_membrane":1,"minecraft:egg":8,"minecraft:raw_iron":48,"ars_nouveau:purple_archwood_log":59,"minecraft:copper_ingot":1,"evilcraft:origins_of_darkness":1,"minecraft:note_block":4,"minecraft:spruce_fence":9,"ars_nouveau:blue_archwood_log":66,"ars_nouveau:purple_archwood_sapling":9,"minecraft:quartz_pillar":3,"minecraft:cookie":9,"structurize:sceptergold":1,"minecraft:mangrove_sign":20,"minecraft:carrot":11,"minecraft:trident":2,"graveyard:small_cyan_urn":1,"ars_nouveau:ritual_wilden_summon":1,"minecraft:redstone":15,"minecraft:blue_carpet":1,"twilightforest:firefly":16,"tombstone:scroll_of_purification":1,"minecraft:dark_oak_planks":11,"minecraft:smooth_sandstone_slab":7,"ars_nouveau:music_disc_firel_the_wild_hunt":1,"ars_nouveau:green_archwood_log":73,"minecraft:tnt":4,"minecraft:arrow":43,"ars_nouveau:enchanting_apparatus":1,"minecraft:hay_block":1,"occultism:silver_ingot":4,"ars_nouveau:bookwyrm_charm":8,"minecraft:stripped_dark_oak_wood":9,"minecraft:saddle":2,"minecraft:gold_ingot":26,"minecraft:totem_of_undying":1,"minecraft:glow_berries":16,"minecraft:mutton":25,"minecraft:white_wool":19,"minecraft:lime_bed":2,"minecraft:mud_bricks":2,"minecraft:tripwire_hook":1,"minecraft:leather":38,"realmrpg_creep:creeping_sprout":7,"minecraft:filled_map":2,"minecraft:oak_log":65,"minecraft:chainmail_chestplate":2,"iceandfire:ectoplasm":2,"iceandfire:dread_stone_bricks_cracked":6,"minecraft:gunpowder":2,"tombstone:voodoo_poppet":1,"allomancy:raw_aluminum":8,"minecraft:white_banner":1,"tombstone:gift":1,"irons_spellbooks:common_ink":9,"minecraft:smooth_sandstone":35,"ars_nouveau:green_archwood_sapling":9,"vampirism:human_heart":7,"minecraft:gray_carpet":3,"minecraft:apple":2,"minecraft:stone_bricks":11,"iceandfire:troll_leather_frost":2,"minecraft:iron_ingot":100,"minecraft:stripped_oak_wood":33,"tombstone:bag_of_seeds":1,"minecraft:glass_bottle":38,"minecraft:iron_sword":1,"minecraft:soul_sand":24,"minecraft:dark_oak_stairs":1,"minecraft:book":27,"allomancy:raw_zinc":30,"minecraft:dark_oak_slab":26,"minecraft:black_candle":4,"minecraft:emerald_block":2,"minecraft:pumpkin":2,"primalmagick:marble_raw":77,"ars_nouveau:red_archwood_sapling":7,"minecraft:stone_brick_slab":1,"minecraft:dandelion":2,"minecraft:quartz":18,"graveyard:ossuary":1,"minecraft:gravel":26,"minecraft:amethyst_shard":21,"ars_nouveau:bastion_pod":6,"ars_nouveau:dominion_wand":2,"minecraft:spruce_log":6,"minecraft:crying_obsidian":3,"minecraft:mossy_stone_brick_slab":1,"minecraft:spider_eye":7,"vampirism:coffin_black":2,"minecraft:leather_helmet":1,"iceandfire:stymphalian_arrow":2,"minecraft:firework_rocket":4,"iceandfire:silver_sword":1,"minecraft:chainmail_leggings":1,"evilcraft:dark_gem":35,"minecraft:iron_helmet":3,"minecraft:gray_wool":1,"naturescompass:naturescompass":3,"tombstone:magic_scroll":1,"minecraft:black_wool":2,"primalmagick:bloody_flesh":4,"twilightforest:naga_leggings":1,"minecraft:coal":35,"minecraft:ender_pearl":1},"minecraft:used":{"minecraft:shield":1,"minecraft:iron_shovel":194,"minecraft:chest":24,"minecraft:ladder":5,"minecraft:diamond_hoe":45,"minecraft:iron_sword":8,"minecraft:smooth_sandstone_stairs":8,"minecraft:obsidian":15,"ars_nouveau:ritual_awakening":5,"ars_nouveau:ritual_brazier":1,"minecraft:quartz_pillar":3,"minecraft:dark_oak_slab":3,"minecraft:written_book":2,"minecraft:furnace":10,"ars_nouveau:green_archwood_log":2,"ars_nouveau:repository":26,"minecraft:dark_oak_stairs":1,"minecraft:oak_planks":3,"minecraft:stone_pickaxe":125,"minecraft:wooden_pickaxe":5,"minecraft:chainmail_helmet":1,"iceandfire:dread_stone_bricks":1,"minecraft:cookie":4,"ars_nouveau:bookwyrm_charm":8,"ars_nouveau:archwood_planks":10,"ars_nouveau:enchanting_apparatus":2,"waystones:waystone":1,"minecraft:cyan_bed":2,"iceandfire:silver_sword":1009,"minecraft:white_concrete":8,"minecraft:smithing_table":1,"minecraft:stone_sword":107,"minecraft:flint_and_steel":1,"ars_nouveau:arcane_core":1,"ars_nouveau:dominion_wand":30,"ars_nouveau:archwood_slab":4,"minecraft:torch":15,"minecraft:dirt":36,"minecraft:anvil":1,"minecraft:dark_oak_planks":33,"minecraft:iron_axe":449,"minecraft:smooth_sandstone":35,"ars_nouveau:imbuement_chamber":8,"evilcraft:flesh_humanoid":1,"minecraft:beef":2,"tombstone:gift":8,"minecraft:cooked_beef":4,"minecraft:cobbled_deepslate":2,"minecraft:cooked_mutton":6,"ars_nouveau:storage_lectern":2,"vampirism:altar_inspiration":1,"minecraft:smooth_sandstone_slab":6,"minecraft:stonecutter":1,"graveyard:ossuary":1,"minecraft:crafting_table":12,"ars_nouveau:blue_archwood_log":1,"majruszsdifficulty:recall_potion":2,"minecraft:dark_prismarine":1,"tombstone:bag_of_seeds":2,"minecraft:diamond_pickaxe":234,"minecraft:apple":1,"majruszsdifficulty:pillager_treasure_bag":1,"ars_nouveau:arcane_pedestal":9,"minecraft:iron_pickaxe":251,"minecraft:spruce_trapdoor":1,"minecraft:stone_axe":123,"irons_spellbooks:scroll_forge":1,"minecraft:cobblestone":21,"majruszsdifficulty:warden_treasure_bag":1,"vampirism:coffin_black":3,"irons_spellbooks:arcane_anvil":1},"minecraft:crafted":{"minecraft:black_dye":2,"minecraft:oak_planks":109,"ars_nouveau:archwood_planks":36,"irons_spellbooks:iron_spell_book":2,"minecraft:chain":6,"minecraft:stone":56,"sophisticatedbackpacks:crafting_upgrade":2,"minecraft:cooked_mutton":6,"minecraft:glass":4,"sophisticatedbackpacks:smelting_upgrade":2,"vampirism:altar_inspiration":1,"minecraft:chest":26,"ars_nouveau:enchanting_apparatus":1,"minecraft:black_wool":2,"minecraft:wooden_shovel":2,"sophisticatedbackpacks:backpack":3,"ars_nouveau:arcane_core":1,"minecraft:crafting_table":6,"minecraft:spruce_planks":6,"minecraft:wooden_pickaxe":3,"sophisticatedbackpacks:upgrade_base":6,"irons_spellbooks:arcane_anvil":1,"ars_nouveau:ritual_brazier":1,"minecraft:diamond_pickaxe":1,"minecraft:stick":24,"minecraft:iron_ingot":66,"minecraft:iron_pickaxe":1,"minecraft:iron_block":3,"minecraft:stone_sword":2,"iceandfire:silver_sword":5,"ars_nouveau:arcane_pedestal":9,"vampirism:coffin_black":1,"minecraft:wooden_sword":2,"minecraft:coal":1,"minecraft:leather_boots":2,"sophisticatedbackpacks:tool_swapper_upgrade":2,"minecraft:furnace":8,"consecration:fire_stick":1,"ars_nouveau:archwood_slab":2,"minecraft:flint_and_steel":1,"ars_nouveau:source_gem_block":1,"irons_spellbooks:scroll_forge":1,"ars_nouveau:novice_spell_book":1,"minecraft:polished_deepslate":8,"minecraft:iron_axe":2,"minecraft:ladder":6,"minecraft:stone_pickaxe":2,"minecraft:dark_oak_planks":8,"sophisticatedbackpacks:iron_backpack":3,"minecraft:cooked_beef":6,"iceandfire:silver_ingot":5,"ars_nouveau:imbuement_chamber":4,"ars_nouveau:repository":25,"minecraft:iron_sword":1,"ars_nouveau:ritual_awakening":5,"sophisticatedbackpacks:gold_backpack":2,"minecraft:stone_axe":2,"minecraft:amethyst_block":3,"minecraft:air":826,"ars_nouveau:sourcestone":7,"minecraft:gold_nugget":14,"minecraft:wooden_axe":2,"minecraft:writable_book":5,"minecraft:anvil":1,"vampirism:blood_container":1,"minecraft:torch":22},"minecraft:dropped":{"sophisticatedbackpacks:iron_backpack":1,"minecraft:porkchop":25,"minecraft:cooked_beef":12,"minecraft:diamond":2,"minecraft:glass_bottle":1,"minecraft:ender_pearl":1,"minecraft:crafting_table":1,"minecraft:cookie":5,"minecraft:glow_berries":16,"minecraft:mossy_stone_brick_stairs":3,"minecraft:item_frame":2,"minecraft:mutton":18,"tombstone:familiar_receptacle":1,"minecraft:bone":4,"minecraft:stone_axe":1,"minecraft:cobbled_deepslate":12,"minecraft:wheat":2,"minecraft:rotten_flesh":16,"minecraft:oak_planks":8,"evilcraft:flesh_humanoid":2,"sophisticatedbackpacks:smelting_upgrade":1,"apotheosis:gem":2,"minecraft:leather_boots":2,"improvableskills:scroll_normal":1,"minecraft:beef":25,"minecraft:quartz":1,"minecraft:netherrack":3,"paganbless:rue_plant":1,"minecraft:iron_ingot":4,"minecraft:wheat_seeds":2,"minecraft:cobblestone":29,"minecraft:granite":4,"minecraft:chainmail_helmet":1,"minecraft:stick":6,"irons_spellbooks:scroll":1,"minecraft:diorite":3,"minecraft:iron_leggings":1,"sophisticatedbackpacks:crafting_upgrade":1,"minecraft:iron_shovel":1,"minecraft:string":3,"minecraft:gray_carpet":1,"minecraft:stone_sword":2,"minecraft:tuff":42,"minecraft:iron_boots":2,"minecraft:lily_of_the_valley":1,"minecraft:cobblestone_slab":1,"minecraft:flower_pot":1,"minecraft:iron_chestplate":1,"minecraft:oak_sapling":1,"sophisticatedbackpacks:tool_swapper_upgrade":1,"minecraft:bow":1,"minecraft:stone_pickaxe":1,"minecraft:wooden_pickaxe":1,"minecraft:dark_prismarine":1},"minecraft:killed":{"vampirism:vampire":2,"minecraft:cave_spider":2,"vampirism:advanced_vampire":1,"pots_and_mimics:pot_crab":1,"minecraft:spider":8,"minecraft:skeleton":2,"vampirism:blinding_bat":1,"minecraft:chicken":2,"realmrpg_demons:chort":9,"vampirism:advanced_hunter":1,"alexsmobs:centipede_head":1,"irons_spellbooks:archevoker":1,"minecraft:wolf":1,"alexsmobs:grizzly_bear":1,"realmrpg_creep:creepling":7,"minecraft:iron_golem":2,"ars_nouveau:bookwyrm":1,"minecraft:creeper":1,"vampirism:hunter":15,"minecraft:sheep":5,"minecraft:pillager":6,"irons_spellbooks:summoned_vex":4,"minecraft:zombie":34,"minecraft:blaze":2,"minecraft:cow":6,"realmrpg_creep:halloweed":1,"alexsmobs:raccoon":1,"graveyard:ghoul":2,"majruszsdifficulty:cursed_armor":2,"minecraft:ravager":1,"minecraft:squid":2,"iceandfire:ghost":5,"alexsmobs:crow":1,"minecraft:wither_skeleton":1}},"DataVersion":3465}