{"stats":{"minecraft:broken":{"minecraft:golden_pickaxe":1},"minecraft:crafted":{"minecraft:diamond_axe":1,"minecraft:diamond_pickaxe":2},"minecraft:dropped":{"minecraft:porkchop":1,"minecraft:oak_pressure_plate":4,"minecraft:cooked_porkchop":1,"minecraft:mushroom_stew":2,"minecraft:light_weighted_pressure_plate":1,"minecraft:iron_trapdoor":4,"minecraft:stone_button":3,"minecraft:repeater":8,"minecraft:jack_o_lantern":1,"minecraft:cooked_salmon":1,"minecraft:snowball":6,"minecraft:glistering_melon_slice":1,"minecraft:bucket":1,"minecraft:redstone":1,"minecraft:music_disc_blocks":1,"minecraft:oak_door":2,"minecraft:lever":1,"minecraft:cooked_chicken":1,"minecraft:comparator":2,"minecraft:glowstone_dust":1,"minecraft:prismarine":1,"minecraft:cooked_mutton":2,"minecraft:salmon":1,"minecraft:carrot":1,"minecraft:potato":1,"minecraft:oak_button":2,"minecraft:heavy_weighted_pressure_plate":1,"minecraft:diamond_pickaxe":1,"minecraft:quartz_block":3,"minecraft:stone_pressure_plate":2,"minecraft:rabbit_stew":3},"minecraft:killed":{"minecraft:zombie_villager":1},"minecraft:mined":{"minecraft:yellow_terracotta":35,"minecraft:cobblestone_stairs":16,"minecraft:hopper":4,"minecraft:sandstone_stairs":39,"minecraft:sandstone":95,"minecraft:fire":3,"minecraft:diamond_block":2,"minecraft:gold_block":5,"minecraft:oak_sign":1,"minecraft:iron_bars":57,"lucky:lucky_block":69,"minecraft:redstone_wall_torch":1,"minecraft:quartz_block":19,"minecraft:oak_fence":4,"minecraft:dropper":6,"minecraft:nether_quartz_ore":6,"minecraft:glass":2,"minecraft:cobblestone":13,"minecraft:slime_block":62,"minecraft:prismarine":5,"minecraft:yellow_wool":18,"minecraft:redstone_lamp":3},"minecraft:picked_up":{"minecraft:wooden_axe":1,"minecraft:azure_bluet":5,"minecraft:fishing_rod":2,"minecraft:allium":11,"minecraft:anvil":1,"minecraft:iron_chestplate":1,"minecraft:leather_leggings":1,"minecraft:prismarine_shard":41,"minecraft:nether_wart":3,"minecraft:splash_potion":2,"minecraft:ender_chest":11,"minecraft:iron_trapdoor":5,"minecraft:golden_pickaxe":4,"minecraft:rabbit_stew":6,"minecraft:yellow_wool":57,"minecraft:redstone_lamp":8,"minecraft:diamond_sword":6,"minecraft:potion":4,"minecraft:wither_rose":2,"minecraft:gold_block":6,"minecraft:enchanted_book":8,"minecraft:golden_shovel":4,"minecraft:diamond_horse_armor":1,"minecraft:golden_sword":4,"minecraft:heavy_weighted_pressure_plate":1,"minecraft:string":14,"minecraft:oak_trapdoor":4,"lucky:lucky_potion":25,"minecraft:cooked_salmon":2,"minecraft:iron_leggings":1,"minecraft:quartz_slab":12,"minecraft:sticky_piston":4,"minecraft:pufferfish":8,"minecraft:blue_orchid":3,"minecraft:oak_sign":1,"minecraft:gold_nugget":7,"lucky:lucky_sword":7,"minecraft:comparator":2,"minecraft:bucket":9,"minecraft:light_weighted_pressure_plate":1,"minecraft:red_dye":3,"minecraft:redstone_torch":20,"minecraft:ender_eye":8,"minecraft:poppy":14,"minecraft:iron_pickaxe":1,"minecraft:enchanted_golden_apple":1,"minecraft:quartz_stairs":15,"minecraft:iron_boots":2,"minecraft:piston":4,"minecraft:diamond_hoe":4,"minecraft:stick":13,"minecraft:sandstone":80,"minecraft:music_disc_blocks":3,"minecraft:jukebox":1,"minecraft:oak_door":4,"minecraft:oak_fence":4,"minecraft:note_block":3,"minecraft:gray_dye":5,"minecraft:porkchop":7,"minecraft:golden_axe":4,"minecraft:pufferfish_spawn_egg":1,"minecraft:stone_button":3,"minecraft:cookie":2,"minecraft:golden_chestplate":1,"minecraft:trident":2,"minecraft:carrot":2,"minecraft:iron_horse_armor":1,"minecraft:redstone":34,"minecraft:brown_dye":2,"minecraft:prismarine_crystals":5,"minecraft:rabbit_foot":5,"minecraft:stone_pressure_plate":2,"minecraft:black_dye":1,"minecraft:tnt":8,"minecraft:quartz_block":66,"minecraft:arrow":5,"minecraft:diamond_chestplate":1,"minecraft:tropical_fish":1,"minecraft:golden_hoe":5,"minecraft:hay_block":29,"minecraft:sandstone_stairs":29,"minecraft:blue_dye":1,"minecraft:pink_tulip":14,"minecraft:yellow_terracotta":16,"minecraft:gold_ingot":65,"minecraft:bookshelf":26,"minecraft:saddle":2,"minecraft:glistering_melon_slice":3,"minecraft:oxeye_daisy":9,"minecraft:skeleton_skull":1,"minecraft:blaze_rod":5,"minecraft:blaze_powder":6,"minecraft:mutton":5,"minecraft:obsidian":56,"minecraft:cod":4,"minecraft:iron_bars":55,"minecraft:snowball":6,"minecraft:cobblestone":19,"minecraft:sponge":1,"minecraft:enchanting_table":3,"minecraft:leather_chestplate":1,"minecraft:purple_dye":1,"minecraft:clock":1,"minecraft:magma_cream":7,"minecraft:repeater":8,"minecraft:iron_door":3,"minecraft:water_bucket":3,"minecraft:salmon":11,"minecraft:leather":1,"minecraft:yellow_dye":8,"minecraft:beacon":1,"minecraft:potato":137,"minecraft:end_portal_frame":6,"minecraft:mushroom_stew":2,"minecraft:magenta_dye":2,"minecraft:light_gray_dye":3,"minecraft:oak_log":2,"lucky:lucky_block":2,"minecraft:golden_boots":3,"minecraft:cobblestone_stairs":11,"minecraft:lapis_lazuli":64,"lucky:lucky_bow":3,"minecraft:zombie_villager_spawn_egg":1,"minecraft:cooked_mutton":2,"minecraft:bone":4,"minecraft:glass":4,"minecraft:apple":6,"minecraft:stone_bricks":1,"minecraft:bow":4,"minecraft:rabbit_hide":1,"minecraft:light_blue_dye":4,"minecraft:iron_ingot":23,"minecraft:cooked_chicken":1,"minecraft:rabbit":1,"minecraft:diamond_helmet":1,"minecraft:glowstone_dust":1,"minecraft:prismarine":38,"minecraft:green_dye":6,"minecraft:book":24,"minecraft:ghast_tear":7,"minecraft:nether_quartz_ore":78,"minecraft:milk_bucket":4,"minecraft:cooked_porkchop":4,"minecraft:pumpkin":10,"minecraft:daylight_detector":2,"minecraft:quartz":53,"minecraft:dandelion":15,"minecraft:oak_pressure_plate":5,"minecraft:poisonous_potato":20,"minecraft:dropper":23,"minecraft:lava_bucket":1,"minecraft:enderman_spawn_egg":1,"minecraft:melon":4,"minecraft:fermented_spider_eye":7,"minecraft:diamond_block":2,"minecraft:sea_lantern":8,"minecraft:spider_eye":4,"minecraft:dragon_egg":1,"minecraft:music_disc_mall":1,"minecraft:diamond_shovel":3,"minecraft:lime_dye":3,"minecraft:sugar":5,"minecraft:diamond":77,"minecraft:trader_llama_spawn_egg":1,"minecraft:slime_block":60,"minecraft:lever":3,"minecraft:chainmail_leggings":1,"minecraft:iron_helmet":1,"minecraft:diamond_axe":1,"minecraft:painting":4,"minecraft:bone_meal":4,"minecraft:gray_wool":1,"minecraft:cyan_dye":4,"minecraft:golden_horse_armor":2,"minecraft:bread":1,"minecraft:emerald":43,"minecraft:oak_button":2,"minecraft:baked_potato":45,"minecraft:jack_o_lantern":20,"minecraft:pink_dye":6,"minecraft:hopper":12,"minecraft:ender_pearl":13,"minecraft:diamond_pickaxe":2},"minecraft:killed_by":{"minecraft:zombie_villager":1,"minecraft:player":2,"minecraft:skeleton":1,"minecraft:zombie":2,"minecraft:wither":15},"minecraft:custom":{"minecraft:inspect_dropper":150,"minecraft:mob_kills":1,"minecraft:inspect_hopper":17,"minecraft:eat_cake_slice":2,"minecraft:leave_game":1,"minecraft:time_since_death":12147,"minecraft:damage_resisted":187,"minecraft:sprint_one_cm":52147,"minecraft:walk_one_cm":254390,"minecraft:drop":41,"minecraft:talked_to_villager":6,"minecraft:play_time":97082,"minecraft:deaths":47,"minecraft:sneak_time":10262,"minecraft:walk_under_water_one_cm":49962,"minecraft:jump":293,"minecraft:walk_on_water_one_cm":13939,"minecraft:total_world_time":97082,"minecraft:play_record":2,"minecraft:traded_with_villager":3,"minecraft:time_since_rest":12173,"minecraft:open_enderchest":27,"minecraft:damage_absorbed":210,"minecraft:damage_taken":12781,"minecraft:damage_dealt":601,"minecraft:swim_one_cm":7171,"minecraft:fly_one_cm":42482,"minecraft:crouch_one_cm":37028,"minecraft:fall_one_cm":16913,"minecraft:inspect_dispenser":43},"minecraft:used":{"minecraft:oak_trapdoor":2,"minecraft:iron_bars":16,"minecraft:ender_chest":1,"minecraft:quartz_stairs":5,"minecraft:anvil":1,"minecraft:hopper":8,"minecraft:milk_bucket":1,"minecraft:obsidian":31,"minecraft:lava_bucket":3,"minecraft:slime_block":1,"minecraft:quartz_block":51,"minecraft:redstone_lamp":6,"minecraft:gold_block":1,"lucky:lucky_potion":14,"minecraft:golden_axe":24,"minecraft:water_bucket":1,"minecraft:dropper":18,"minecraft:prismarine":42,"minecraft:baked_potato":1,"minecraft:ender_pearl":1,"minecraft:sandstone":76,"minecraft:yellow_terracotta":10,"minecraft:note_block":1,"minecraft:redstone_torch":5,"minecraft:diamond_pickaxe":243,"minecraft:apple":1,"minecraft:diamond_shovel":1,"minecraft:music_disc_blocks":2,"minecraft:yellow_wool":23,"minecraft:fishing_rod":4,"minecraft:cobblestone":11,"minecraft:bucket":5,"minecraft:jukebox":1,"minecraft:golden_pickaxe":71}},"DataVersion":3578}