{"stats":{"minecraft:picked_up":{"vampirism:injection_garlic":1,"minecraft:crafting_table":4,"minecraft:allium":3,"minecraft:azure_bluet":1,"minecraft:chicken":1,"minecraft:ladder":6,"minecraft:wooden_pickaxe":1,"minecraft:stone_brick_stairs":3,"minecraft:dark_oak_trapdoor":1,"minecraft:item_frame":1,"minecraft:zombie_head":2,"minecraft:beef":13,"minecraft:spruce_trapdoor":3,"minecraft:egg":2,"minecraft:stick":13,"apotheosis:gem":5,"minecraft:spruce_stairs":2,"minecraft:note_block":1,"minecraft:spruce_fence":2,"ars_nouveau:glyph_snare":1,"minecraft:cookie":4,"minecraft:mangrove_sign":12,"graveyard:small_cyan_urn":1,"minecraft:stone_sword":1,"minecraft:arrow":2,"minecraft:rotten_flesh":3,"minecraft:stripped_dark_oak_wood":2,"ars_nouveau:sourceberry_bush":9,"minecraft:mutton":6,"minecraft:white_wool":3,"minecraft:cobblestone":28,"minecraft:feather":2,"minecraft:leather":10,"minecraft:brown_wool":1,"minecraft:oak_log":47,"allomancy:raw_aluminum":8,"minecraft:mangrove_slab":4,"minecraft:dirt":30,"paganbless:belladonna":1,"irons_spellbooks:common_ink":2,"minecraft:bone":2,"minecraft:gray_carpet":1,"minecraft:apple":1,"theurgy:sal_ammoniac_crystal":2,"minecraft:stone_bricks":3,"minecraft:wheat_seeds":1,"allomancy:raw_tin":13,"minecraft:stripped_oak_wood":16,"minecraft:mossy_stone_bricks":3,"minecraft:mossy_stone_brick_stairs":6,"minecraft:book":18,"minecraft:black_candle":4,"minecraft:stone_brick_slab":1,"minecraft:quartz":1,"minecraft:dandelion":2,"minecraft:cyan_bed":1,"minecraft:spruce_log":6,"minecraft:lily_of_the_valley":3,"minecraft:mossy_stone_brick_slab":1,"minecraft:spider_eye":1,"graveyard:oak_coffin":1,"minecraft:yellow_carpet":1,"minecraft:soul_lantern":1,"minecraft:crossbow":1,"naturescompass:naturescompass":1,"minecraft:spruce_sign":4,"minecraft:emerald":1,"alexsmobs:maggot":1,"paganbless:rue":1,"minecraft:oak_sapling":18,"minecraft:black_wool":1,"primalmagick:bloody_flesh":1,"minecraft:coal":18,"iceandfire:raw_silver":3},"minecraft:mined":{"realmrpg_skeletons:swimmer_skeleton":1,"allomancy:tin_ore":13,"iceandfire:silver_ore":3,"minecraft:mossy_stone_brick_slab":1,"minecraft:spruce_trapdoor":3,"minecraft:ladder":6,"minecraft:spruce_fence":2,"minecraft:grass_block":8,"allomancy:aluminum_ore":11,"minecraft:spruce_leaves":7,"ars_nouveau:sourceberry_bush":4,"minecraft:dark_oak_trapdoor":1,"minecraft:stripped_dark_oak_wood":2,"minecraft:mossy_stone_brick_stairs":3,"minecraft:bookshelf":6,"minecraft:black_candle":1,"minecraft:stone":11,"minecraft:stone_brick_slab":1,"minecraft:powder_snow":9,"minecraft:crafting_table":3,"minecraft:note_block":1,"paganbless:belladonna_plant":1,"minecraft:cobblestone":10,"theurgy:sal_ammoniac_ore":2,"minecraft:cyan_bed":1,"minecraft:spruce_stairs":2,"graveyard:oak_coffin":1,"minecraft:spruce_log":6,"realmrpg_skeletons:acrobat_skeleton":1,"minecraft:stripped_oak_wood":16,"minecraft:stone_brick_stairs":3,"primalmagick:quartz_ore":1,"minecraft:mangrove_slab":4,"minecraft:grass":3,"minecraft:oak_log":47,"minecraft:coal_ore":16,"minecraft:dirt":15,"minecraft:gray_carpet":1,"graveyard:small_cyan_urn":1,"paganbless:rue_plant":1,"minecraft:stone_bricks":3,"minecraft:mossy_stone_bricks":3,"minecraft:oak_leaves":22},"minecraft:used":{"minecraft:stone_sword":107,"minecraft:ladder":3,"minecraft:chest":24,"evilcraft:flesh_humanoid":1,"minecraft:beef":2,"minecraft:written_book":2,"minecraft:furnace":1,"tombstone:gift":4,"minecraft:cooked_beef":4,"minecraft:cooked_mutton":6,"minecraft:stone_pickaxe":85,"minecraft:wooden_pickaxe":5,"minecraft:cookie":4,"minecraft:crafting_table":4,"minecraft:apple":1,"minecraft:cyan_bed":1,"minecraft:stone_axe":121},"minecraft:custom":{"lootr:looted_stat":4,"minecraft:mob_kills":19,"minecraft:interact_with_crafting_table":8,"minecraft:damage_dealt_resisted":0,"minecraft:eat_cake_slice":3,"minecraft:time_since_death":39604,"minecraft:climb_one_cm":3013,"minecraft:sprint_one_cm":148603,"minecraft:walk_one_cm":265002,"minecraft:drop":6,"minecraft:play_noteblock":1,"minecraft:play_time":101761,"minecraft:deaths":17,"minecraft:sneak_time":395,"minecraft:walk_under_water_one_cm":2236,"minecraft:jump":1137,"minecraft:walk_on_water_one_cm":4053,"minecraft:total_world_time":101761,"minecraft:interact_with_furnace":6,"tombstone:raider_killed":1,"minecraft:sleep_in_bed":4,"minecraft:time_since_rest":38594,"minecraft:damage_taken":4806,"minecraft:damage_dealt":2677,"minecraft:fly_one_cm":209742,"minecraft:swim_one_cm":22062,"minecraft:open_chest":32,"minecraft:crouch_one_cm":746,"tombstone:undead_killed":2,"minecraft:fall_one_cm":83582},"minecraft:broken":{"minecraft:stone_sword":1,"minecraft:leather_boots":1,"minecraft:stone_axe":1},"minecraft:crafted":{"minecraft:oak_planks":47,"minecraft:furnace":1,"minecraft:cooked_mutton":6,"minecraft:stone_pickaxe":1,"minecraft:chest":24,"minecraft:dark_oak_planks":2,"minecraft:cooked_beef":6,"minecraft:crafting_table":2,"minecraft:spruce_planks":6,"minecraft:wooden_pickaxe":1,"minecraft:stone_axe":1,"minecraft:air":244,"minecraft:stick":8,"minecraft:stone_sword":2},"minecraft:killed_by":{"vampirism:vampire":15,"minecraft:vex":1},"minecraft:killed":{"minecraft:spider":2,"minecraft:chicken":1,"realmrpg_demons:chort":1,"minecraft:sheep":5,"minecraft:pillager":1,"minecraft:zombie":2,"alexsmobs:crow":1,"minecraft:cow":6},"minecraft:dropped":{"minecraft:wheat_seeds":1,"minecraft:crafting_table":1,"minecraft:mossy_stone_brick_stairs":3,"minecraft:stone_sword":2,"minecraft:wooden_pickaxe":1}},"DataVersion":3465}