{"stats":{"minecraft:picked_up":{"minecraft:crafting_table":4,"minecraft:allium":3,"minecraft:azure_bluet":1,"minecraft:feather":2,"minecraft:chicken":1,"minecraft:ladder":6,"minecraft:brown_wool":1,"minecraft:leather":10,"minecraft:wooden_pickaxe":1,"minecraft:stone_brick_stairs":3,"minecraft:oak_log":47,"allomancy:raw_aluminum":6,"minecraft:dirt":30,"minecraft:mangrove_slab":4,"minecraft:dark_oak_trapdoor":1,"paganbless:belladonna":1,"minecraft:item_frame":1,"minecraft:bone":2,"theurgy:sal_ammoniac_crystal":2,"minecraft:stone_bricks":3,"minecraft:apple":1,"minecraft:gray_carpet":1,"minecraft:wheat_seeds":1,"allomancy:raw_tin":13,"minecraft:beef":13,"minecraft:mossy_stone_bricks":3,"minecraft:stripped_oak_wood":16,"minecraft:mossy_stone_brick_stairs":6,"minecraft:spruce_trapdoor":3,"minecraft:egg":2,"minecraft:book":18,"minecraft:stick":13,"minecraft:black_candle":4,"apotheosis:gem":4,"minecraft:quartz":1,"minecraft:stone_brick_slab":1,"minecraft:dandelion":2,"minecraft:spruce_stairs":2,"minecraft:spruce_fence":2,"minecraft:note_block":1,"graveyard:small_cyan_urn":1,"minecraft:lily_of_the_valley":3,"minecraft:cookie":4,"minecraft:mangrove_sign":12,"minecraft:spruce_log":6,"minecraft:cyan_bed":1,"minecraft:mossy_stone_brick_slab":1,"graveyard:oak_coffin":1,"minecraft:stone_sword":1,"minecraft:rotten_flesh":2,"minecraft:yellow_carpet":1,"minecraft:soul_lantern":1,"minecraft:stripped_dark_oak_wood":2,"minecraft:spruce_sign":4,"ars_nouveau:sourceberry_bush":9,"minecraft:oak_sapling":18,"paganbless:rue":1,"minecraft:black_wool":1,"minecraft:mutton":6,"minecraft:coal":18,"iceandfire:raw_silver":2,"minecraft:white_wool":3,"minecraft:cobblestone":28},"minecraft:mined":{"realmrpg_skeletons:swimmer_skeleton":1,"iceandfire:silver_ore":2,"allomancy:tin_ore":13,"minecraft:mossy_stone_brick_slab":1,"minecraft:stone_brick_slab":1,"minecraft:powder_snow":9,"minecraft:crafting_table":3,"minecraft:spruce_trapdoor":3,"minecraft:note_block":1,"minecraft:ladder":6,"minecraft:grass_block":8,"minecraft:spruce_fence":2,"paganbless:belladonna_plant":1,"theurgy:sal_ammoniac_ore":2,"minecraft:cobblestone":10,"allomancy:aluminum_ore":6,"minecraft:spruce_leaves":7,"minecraft:cyan_bed":1,"ars_nouveau:sourceberry_bush":4,"minecraft:spruce_stairs":2,"graveyard:oak_coffin":1,"minecraft:dark_oak_trapdoor":1,"minecraft:spruce_log":6,"realmrpg_skeletons:acrobat_skeleton":1,"minecraft:stripped_oak_wood":16,"minecraft:coal_ore":16,"primalmagick:quartz_ore":1,"minecraft:stone_brick_stairs":3,"minecraft:stripped_dark_oak_wood":2,"minecraft:mossy_stone_brick_stairs":3,"minecraft:grass":3,"minecraft:mangrove_slab":4,"minecraft:bookshelf":6,"minecraft:oak_log":47,"minecraft:dirt":15,"minecraft:black_candle":1,"minecraft:gray_carpet":1,"graveyard:small_cyan_urn":1,"paganbless:rue_plant":1,"minecraft:stone_bricks":3,"minecraft:stone":11,"minecraft:mossy_stone_bricks":3,"minecraft:oak_leaves":22},"minecraft:custom":{"minecraft:interact_with_furnace":6,"lootr:looted_stat":4,"minecraft:mob_kills":14,"minecraft:interact_with_crafting_table":8,"minecraft:damage_dealt_resisted":0,"minecraft:eat_cake_slice":3,"minecraft:time_since_death":27604,"minecraft:sleep_in_bed":4,"minecraft:climb_one_cm":3013,"minecraft:time_since_rest":26594,"minecraft:sprint_one_cm":128623,"minecraft:damage_taken":4630,"minecraft:walk_one_cm":240199,"minecraft:drop":6,"minecraft:damage_dealt":1855,"tombstone:undead_killed":1,"minecraft:play_noteblock":1,"minecraft:swim_one_cm":11705,"minecraft:fly_one_cm":171470,"minecraft:open_chest":28,"minecraft:crouch_one_cm":746,"minecraft:play_time":89761,"minecraft:deaths":17,"minecraft:sneak_time":375,"minecraft:walk_under_water_one_cm":1831,"minecraft:jump":949,"minecraft:walk_on_water_one_cm":2918,"minecraft:total_world_time":89761,"minecraft:fall_one_cm":67003},"minecraft:used":{"minecraft:cooked_mutton":6,"minecraft:stone_sword":105,"minecraft:stone_pickaxe":79,"minecraft:ladder":3,"minecraft:chest":24,"minecraft:wooden_pickaxe":5,"minecraft:cookie":4,"minecraft:crafting_table":4,"minecraft:apple":1,"minecraft:cyan_bed":1,"evilcraft:flesh_humanoid":1,"minecraft:stone_axe":110,"minecraft:beef":2,"minecraft:written_book":2,"minecraft:furnace":1,"tombstone:gift":4,"minecraft:cooked_beef":1},"minecraft:broken":{"minecraft:leather_boots":1},"minecraft:crafted":{"minecraft:cooked_beef":6,"minecraft:oak_planks":47,"minecraft:crafting_table":2,"minecraft:spruce_planks":6,"minecraft:wooden_pickaxe":1,"minecraft:furnace":1,"minecraft:stone_axe":1,"minecraft:cooked_mutton":6,"minecraft:air":244,"minecraft:stick":8,"minecraft:stone_pickaxe":1,"minecraft:stone_sword":2,"minecraft:chest":24,"minecraft:dark_oak_planks":2},"minecraft:killed_by":{"vampirism:vampire":15,"minecraft:vex":1},"minecraft:killed":{"minecraft:sheep":5,"minecraft:zombie":1,"minecraft:chicken":1,"realmrpg_demons:chort":1,"minecraft:cow":6},"minecraft:dropped":{"minecraft:wheat_seeds":1,"minecraft:stone_sword":2,"minecraft:crafting_table":1,"minecraft:mossy_stone_brick_stairs":3,"minecraft:wooden_pickaxe":1}},"DataVersion":3465}