{"stats":{"minecraft:mined":{"realmrpg_skeletons:swimmer_skeleton":1,"minecraft:spruce_planks":1,"iceandfire:graveyard_soil":9,"iceandfire:silver_ore":3,"allomancy:tin_ore":13,"minecraft:mossy_stone_brick_slab":1,"minecraft:brewing_stand":1,"minecraft:spruce_trapdoor":4,"minecraft:ladder":6,"minecraft:granite":2,"minecraft:spruce_fence":2,"minecraft:grass_block":66,"minecraft:white_concrete":6,"allomancy:aluminum_ore":11,"minecraft:spruce_leaves":14,"ars_nouveau:sourceberry_bush":13,"minecraft:mud_bricks":2,"minecraft:redstone_ore":6,"minecraft:furnace":2,"minecraft:dark_oak_trapdoor":1,"minecraft:iron_ore":47,"minecraft:andesite":4,"minecraft:stripped_dark_oak_wood":2,"minecraft:mossy_stone_brick_stairs":3,"minecraft:bookshelf":9,"minecraft:dirt_path":1,"minecraft:vine":2,"allomancy:zinc_ore":20,"minecraft:black_candle":1,"minecraft:stone":160,"minecraft:spruce_slab":4,"minecraft:stone_brick_slab":1,"minecraft:powder_snow":16,"minecraft:crafting_table":5,"minecraft:note_block":1,"minecraft:rose_bush":2,"paganbless:belladonna_plant":1,"minecraft:copper_ore":1,"minecraft:tall_grass":4,"minecraft:lapis_ore":13,"minecraft:cobblestone":16,"theurgy:sal_ammoniac_ore":2,"minecraft:cyan_bed":2,"minecraft:diorite":14,"minecraft:wall_torch":3,"minecraft:spruce_stairs":2,"minecraft:stone_stairs":3,"graveyard:oak_coffin":1,"allomancy:lead_ore":1,"allomancy:chromium_ore":3,"minecraft:tnt":2,"minecraft:lilac":1,"minecraft:spruce_log":6,"minecraft:birch_leaves":2,"realmrpg_skeletons:acrobat_skeleton":1,"minecraft:stripped_oak_wood":16,"minecraft:wither_rose":2,"minecraft:stone_brick_stairs":3,"primalmagick:quartz_ore":1,"minecraft:grass":17,"minecraft:mangrove_slab":4,"minecraft:coal_ore":16,"minecraft:oak_log":51,"minecraft:dirt":36,"minecraft:sand":37,"minecraft:gray_carpet":1,"minecraft:cobweb":6,"pots_and_mimics:treasure_pot":1,"paganbless:rue_plant":1,"graveyard:small_cyan_urn":1,"minecraft:stone_bricks":3,"minecraft:mossy_stone_bricks":3,"minecraft:oak_leaves":37,"minecraft:deepslate":11,"minecraft:fern":1},"minecraft:picked_up":{"vampirism:injection_garlic":1,"minecraft:crafting_table":6,"minecraft:wheat":4,"minecraft:allium":3,"minecraft:azure_bluet":1,"minecraft:chicken":1,"minecraft:ladder":6,"minecraft:flower_pot":1,"minecraft:lead":2,"minecraft:wooden_pickaxe":1,"minecraft:wither_rose":1,"minecraft:enchanted_book":1,"minecraft:stone_brick_stairs":3,"primalmagick:mystical_relic_fragment":8,"minecraft:brewing_stand":1,"vampirism:pure_salt_water":1,"minecraft:shield":1,"minecraft:string":9,"minecraft:dark_oak_trapdoor":1,"minecraft:stone_stairs":3,"minecraft:iron_axe":1,"minecraft:iron_leggings":1,"minecraft:item_frame":3,"minecraft:zombie_head":2,"minecraft:beetroot":4,"vampirism:obi_belt":2,"graveyard:corruption":1,"iceandfire:graveyard_soil":9,"minecraft:cobbled_deepslate":13,"minecraft:spruce_planks":1,"minecraft:beef":23,"minecraft:rose_bush":2,"minecraft:poppy":1,"minecraft:spruce_slab":3,"alexsmobs:raccoon_tail":1,"minecraft:spruce_trapdoor":4,"minecraft:furnace":2,"minecraft:egg":5,"allomancy:raw_chromium":3,"minecraft:raw_iron":48,"minecraft:stick":19,"apotheosis:gem":16,"minecraft:torch":3,"evilcraft:origins_of_darkness":1,"minecraft:spruce_stairs":2,"minecraft:note_block":1,"minecraft:spruce_fence":2,"ars_nouveau:glyph_snare":1,"minecraft:porkchop":12,"minecraft:cookie":9,"tombstone:grave_dust":1,"minecraft:diorite":3,"minecraft:mangrove_sign":12,"graveyard:small_cyan_urn":1,"minecraft:redstone":15,"paganbless:cinnabar":3,"minecraft:tnt":2,"minecraft:stone_sword":1,"vampirism:blood_bottle":1,"minecraft:arrow":10,"minecraft:rotten_flesh":35,"minecraft:carved_pumpkin":3,"minecraft:stripped_dark_oak_wood":2,"minecraft:gold_ingot":3,"ars_nouveau:sourceberry_bush":29,"minecraft:mutton":14,"minecraft:white_wool":9,"minecraft:cobblestone":327,"minecraft:mud_bricks":2,"minecraft:lilac":1,"minecraft:feather":2,"minecraft:cooked_beef":9,"minecraft:leather":18,"minecraft:brown_wool":1,"realmrpg_creep:creeping_sprout":5,"minecraft:potato":3,"alexsmobs:bear_fur":2,"minecraft:oak_log":51,"evilcraft:flesh_humanoid":1,"allomancy:raw_aluminum":8,"minecraft:lapis_lazuli":88,"minecraft:mangrove_slab":4,"minecraft:dirt":118,"tombstone:familiar_receptacle":1,"paganbless:belladonna":1,"irons_spellbooks:common_ink":2,"minecraft:bone":10,"vampirism:human_heart":3,"minecraft:gray_carpet":1,"minecraft:apple":2,"theurgy:sal_ammoniac_crystal":2,"minecraft:stone_bricks":3,"minecraft:bow":1,"minecraft:wheat_seeds":4,"allomancy:raw_tin":13,"minecraft:iron_ingot":5,"tombstone:bag_of_seeds":1,"minecraft:stripped_oak_wood":16,"minecraft:mossy_stone_bricks":3,"minecraft:glass_bottle":3,"minecraft:mossy_stone_brick_stairs":6,"minecraft:book":27,"allomancy:raw_zinc":20,"minecraft:black_candle":4,"minecraft:stone_brick_slab":1,"minecraft:quartz":2,"vampirism:ring":2,"minecraft:dandelion":2,"minecraft:sand":37,"minecraft:ink_sac":2,"minecraft:lily_of_the_valley":4,"minecraft:spruce_log":6,"minecraft:cyan_bed":2,"minecraft:mossy_stone_brick_slab":1,"minecraft:spider_eye":5,"graveyard:oak_coffin":1,"minecraft:gray_wool":1,"minecraft:yellow_carpet":1,"iceandfire:silver_sword":1,"minecraft:soul_lantern":1,"minecraft:iron_helmet":1,"minecraft:crossbow":1,"minecraft:granite":4,"naturescompass:naturescompass":1,"minecraft:white_concrete":6,"minecraft:spruce_sign":4,"minecraft:emerald":1,"alexsmobs:maggot":1,"tombstone:magic_scroll":1,"minecraft:oak_sapling":24,"paganbless:rue":1,"minecraft:black_wool":2,"primalmagick:bloody_flesh":1,"minecraft:coal":19,"iceandfire:raw_silver":3},"minecraft:killed_by":{"minecraft:zombie":1,"vampirism:vampire":15,"minecraft:vex":1},"minecraft:crafted":{"minecraft:black_dye":2,"minecraft:oak_planks":79,"minecraft:coal":1,"minecraft:furnace":7,"minecraft:cooked_mutton":6,"minecraft:glass":4,"vampirism:altar_inspiration":1,"minecraft:stone_pickaxe":2,"minecraft:chest":25,"minecraft:dark_oak_planks":2,"minecraft:black_wool":2,"sophisticatedbackpacks:iron_backpack":1,"minecraft:cooked_beef":6,"sophisticatedbackpacks:backpack":1,"iceandfire:silver_ingot":3,"minecraft:crafting_table":4,"minecraft:spruce_planks":6,"minecraft:wooden_pickaxe":1,"sophisticatedbackpacks:gold_backpack":1,"minecraft:stone_axe":2,"minecraft:air":408,"minecraft:stick":22,"minecraft:iron_ingot":66,"minecraft:iron_pickaxe":1,"minecraft:stone_sword":2,"vampirism:blood_container":1,"minecraft:torch":22,"iceandfire:silver_sword":2,"vampirism:coffin_black":1},"minecraft:used":{"minecraft:iron_shovel":68,"minecraft:stone_sword":107,"iceandfire:silver_sword":401,"minecraft:ladder":3,"minecraft:chest":24,"minecraft:torch":15,"minecraft:dirt":32,"minecraft:iron_axe":7,"evilcraft:flesh_humanoid":1,"minecraft:beef":2,"minecraft:written_book":2,"minecraft:furnace":9,"tombstone:gift":4,"minecraft:cooked_beef":4,"minecraft:cobbled_deepslate":1,"minecraft:cooked_mutton":6,"vampirism:altar_inspiration":1,"minecraft:oak_planks":1,"minecraft:stone_pickaxe":125,"minecraft:wooden_pickaxe":5,"minecraft:cookie":4,"minecraft:crafting_table":8,"tombstone:bag_of_seeds":2,"minecraft:apple":1,"minecraft:cyan_bed":2,"minecraft:iron_pickaxe":190,"minecraft:stone_axe":123,"minecraft:cobblestone":21,"minecraft:white_concrete":5,"vampirism:coffin_black":1},"minecraft:broken":{"minecraft:stone_sword":1,"consecration:fire_stick":1,"iceandfire:silver_sword":1,"minecraft:stone_pickaxe":1,"minecraft:stone_axe":1,"minecraft:leather_boots":1},"minecraft:dropped":{"minecraft:wheat_seeds":2,"minecraft:cooked_beef":12,"minecraft:glass_bottle":1,"minecraft:crafting_table":1,"minecraft:cookie":5,"minecraft:cobblestone":29,"minecraft:granite":4,"minecraft:mossy_stone_brick_stairs":3,"minecraft:item_frame":2,"minecraft:stick":6,"minecraft:diorite":3,"minecraft:string":3,"tombstone:familiar_receptacle":1,"minecraft:stone_axe":1,"minecraft:stone_sword":2,"minecraft:cobbled_deepslate":12,"minecraft:wheat":2,"minecraft:rotten_flesh":16,"minecraft:oak_planks":8,"evilcraft:flesh_humanoid":2,"minecraft:lily_of_the_valley":1,"minecraft:flower_pot":1,"apotheosis:gem":2,"minecraft:oak_sapling":1,"minecraft:wooden_pickaxe":1,"minecraft:bow":1,"minecraft:beef":9,"minecraft:stone_pickaxe":1,"minecraft:quartz":1},"minecraft:killed":{"vampirism:vampire":1,"vampirism:advanced_vampire":1,"realmrpg_creep:halloweed":1,"alexsmobs:raccoon":1,"minecraft:spider":7,"minecraft:skeleton":1,"minecraft:chicken":1,"realmrpg_demons:chort":3,"vampirism:advanced_hunter":1,"minecraft:wolf":1,"graveyard:ghoul":2,"alexsmobs:grizzly_bear":1,"realmrpg_creep:creepling":4,"minecraft:iron_golem":1,"minecraft:squid":2,"vampirism:hunter":4,"minecraft:sheep":5,"minecraft:pillager":1,"minecraft:zombie":27,"iceandfire:ghost":2,"alexsmobs:crow":1,"minecraft:cow":6},"minecraft:custom":{"lootr:looted_stat":58,"minecraft:mob_kills":111,"minecraft:interact_with_crafting_table":32,"goblintraders:trade_with_goblin":31,"minecraft:damage_dealt_resisted":288,"minecraft:eat_cake_slice":10,"minecraft:leave_game":1,"minecraft:time_since_death":50692,"minecraft:climb_one_cm":5347,"minecraft:damage_resisted":0,"minecraft:sprint_one_cm":447215,"minecraft:walk_one_cm":805678,"minecraft:drop":39,"minecraft:play_noteblock":1,"minecraft:play_time":269256,"minecraft:sneak_time":1092,"minecraft:deaths":23,"minecraft:walk_under_water_one_cm":19355,"minecraft:interact_with_lectern":1,"minecraft:jump":3007,"minecraft:interact_with_brewingstand":1,"minecraft:walk_on_water_one_cm":42653,"minecraft:total_world_time":269256,"minecraft:interact_with_furnace":25,"tombstone:raider_killed":1,"minecraft:sleep_in_bed":5,"minecraft:time_since_rest":18809,"minecraft:waystone_activated":1,"minecraft:damage_taken":508684,"minecraft:trigger_trapped_chest":2,"minecraft:damage_dealt":19279,"minecraft:player_kills":1,"minecraft:swim_one_cm":58474,"minecraft:fly_one_cm":388901,"minecraft:open_chest":118,"minecraft:crouch_one_cm":1971,"tombstone:undead_killed":32,"minecraft:fall_one_cm":134000}},"DataVersion":3465}