{"stats":{"minecraft:picked_up":{"iceandfire:dread_stone_bricks":6,"vampirism:injection_garlic":1,"minecraft:wheat":8,"minecraft:iron_trapdoor":1,"minecraft:flower_pot":1,"minecraft:magenta_carpet":1,"minecraft:lead":2,"minecraft:wither_rose":1,"minecraft:enchanted_book":1,"minecraft:stone_brick_stairs":3,"primalmagick:mystical_relic_fragment":12,"minecraft:brewing_stand":1,"vampirism:pure_salt_water":1,"minecraft:golden_sword":1,"minecraft:string":9,"minecraft:dark_oak_trapdoor":3,"minecraft:iron_leggings":1,"minecraft:zombie_head":4,"minecraft:beetroot":4,"vampirism:obi_belt":2,"minecraft:cobbled_deepslate":13,"primalmagick:moonwood_sapling":1,"minecraft:spruce_planks":1,"minecraft:rose_bush":3,"alexsmobs:raccoon_tail":1,"irons_spellbooks:inscription_table":1,"minecraft:furnace":3,"minecraft:tipped_arrow":1,"allomancy:raw_chromium":3,"minecraft:stick":46,"apotheosis:gem":17,"minecraft:polished_deepslate_stairs":1,"paganbless:belladonna_plant":10,"minecraft:torch":3,"minecraft:spruce_stairs":13,"ars_nouveau:glyph_snare":1,"minecraft:porkchop":28,"minecraft:diorite":3,"tombstone:grave_dust":1,"paganbless:cinnabar":3,"minecraft:stone_sword":2,"vampirism:blood_bottle":1,"minecraft:rotten_flesh":49,"minecraft:light_gray_bed":1,"ars_nouveau:imbuement_chamber":4,"minecraft:carved_pumpkin":3,"ars_nouveau:sourceberry_bush":29,"minecraft:blaze_rod":1,"minecraft:obsidian":3,"minecraft:cobblestone":340,"minecraft:birch_log":17,"minecraft:lilac":3,"minecraft:feather":2,"minecraft:cooked_beef":9,"minecraft:andesite":5,"minecraft:brown_wool":1,"minecraft:golden_leggings":1,"minecraft:smoker":1,"minecraft:potato":3,"alexsmobs:bear_fur":2,"minecraft:smooth_sandstone_stairs":2,"evilcraft:flesh_humanoid":1,"minecraft:lapis_lazuli":89,"minecraft:mangrove_slab":9,"minecraft:dirt":203,"tombstone:familiar_receptacle":1,"paganbless:belladonna":1,"minecraft:purple_carpet":1,"minecraft:leather_boots":1,"minecraft:bone":20,"theurgy:sal_ammoniac_crystal":2,"minecraft:bow":2,"ars_nouveau:source_gem":4,"minecraft:wheat_seeds":10,"allomancy:raw_tin":13,"minecraft:mossy_stone_bricks":3,"minecraft:glowstone_dust":66,"minecraft:oak_planks":8,"minecraft:mossy_stone_brick_stairs":6,"irons_spellbooks:frozen_bone":9,"vampirism:ring":2,"minecraft:sand":37,"minecraft:ink_sac":2,"minecraft:nether_brick_stairs":2,"minecraft:cyan_bed":2,"minecraft:lily_of_the_valley":4,"minecraft:barrel":1,"paganbless:mugwort":5,"graveyard:oak_coffin":1,"minecraft:iron_hoe":1,"minecraft:yellow_carpet":1,"minecraft:soul_lantern":1,"waystones:waystone":1,"minecraft:crossbow":2,"minecraft:granite":4,"minecraft:white_concrete":10,"minecraft:spruce_sign":18,"minecraft:emerald":2,"paganbless:rue_plant":8,"alexsmobs:maggot":1,"minecraft:oak_sapling":28,"paganbless:rue":1,"minecraft:netherrack":6,"minecraft:dark_oak_fence":2,"iceandfire:raw_silver":5,"ars_nouveau:red_archwood_log":10,"minecraft:charcoal":2,"minecraft:crafting_table":9,"minecraft:coarse_dirt":3,"minecraft:allium":3,"minecraft:azure_bluet":1,"minecraft:chicken":1,"minecraft:ladder":6,"minecraft:nether_wart":20,"iceandfire:dragonbone_arrow":1,"minecraft:wooden_pickaxe":1,"ars_nouveau:blue_archwood_sapling":9,"minecraft:chain":1,"minecraft:shield":1,"minecraft:oak_trapdoor":1,"minecraft:stone_stairs":3,"minecraft:iron_axe":1,"minecraft:white_carpet":1,"minecraft:item_frame":3,"graveyard:corruption":1,"iceandfire:graveyard_soil":9,"iceandfire:bestiary":1,"minecraft:beef":45,"minecraft:player_head":7,"minecraft:poppy":2,"minecraft:spruce_slab":3,"minecraft:chest":1,"minecraft:birch_sapling":4,"minecraft:spruce_trapdoor":6,"minecraft:egg":5,"minecraft:raw_iron":48,"ars_nouveau:purple_archwood_log":59,"evilcraft:origins_of_darkness":1,"minecraft:note_block":3,"minecraft:spruce_fence":7,"ars_nouveau:purple_archwood_sapling":9,"ars_nouveau:blue_archwood_log":64,"minecraft:quartz_pillar":3,"minecraft:cookie":9,"minecraft:mangrove_sign":17,"graveyard:small_cyan_urn":1,"minecraft:redstone":15,"minecraft:blue_carpet":1,"minecraft:dark_oak_planks":4,"ars_nouveau:green_archwood_log":73,"minecraft:smooth_sandstone_slab":2,"minecraft:tnt":2,"minecraft:arrow":23,"minecraft:hay_block":1,"minecraft:stripped_dark_oak_wood":2,"minecraft:gold_ingot":3,"minecraft:mutton":24,"minecraft:white_wool":10,"minecraft:lime_bed":1,"minecraft:mud_bricks":2,"minecraft:leather":31,"realmrpg_creep:creeping_sprout":5,"minecraft:filled_map":1,"minecraft:oak_log":65,"iceandfire:dread_stone_bricks_cracked":6,"minecraft:gunpowder":2,"allomancy:raw_aluminum":8,"irons_spellbooks:common_ink":2,"ars_nouveau:green_archwood_sapling":9,"vampirism:human_heart":6,"minecraft:stone_bricks":3,"minecraft:apple":2,"minecraft:gray_carpet":3,"minecraft:iron_ingot":17,"tombstone:bag_of_seeds":1,"minecraft:stripped_oak_wood":32,"minecraft:glass_bottle":3,"minecraft:soul_sand":20,"minecraft:dark_oak_stairs":1,"minecraft:book":27,"allomancy:raw_zinc":20,"minecraft:dark_oak_slab":13,"minecraft:black_candle":4,"minecraft:emerald_block":1,"minecraft:stone_brick_slab":1,"minecraft:quartz":17,"minecraft:dandelion":2,"ars_nouveau:bastion_pod":6,"minecraft:amethyst_shard":4,"minecraft:spruce_log":6,"minecraft:mossy_stone_brick_slab":1,"minecraft:spider_eye":5,"minecraft:leather_helmet":1,"iceandfire:stymphalian_arrow":1,"iceandfire:silver_sword":1,"minecraft:iron_helmet":1,"minecraft:gray_wool":1,"naturescompass:naturescompass":1,"tombstone:magic_scroll":1,"minecraft:black_wool":2,"primalmagick:bloody_flesh":2,"minecraft:coal":22},"minecraft:crafted":{"minecraft:black_dye":2,"minecraft:oak_planks":84,"ars_nouveau:archwood_planks":36,"minecraft:cooked_mutton":6,"minecraft:glass":4,"vampirism:altar_inspiration":1,"minecraft:chest":26,"minecraft:black_wool":2,"sophisticatedbackpacks:backpack":3,"minecraft:crafting_table":6,"minecraft:spruce_planks":6,"minecraft:wooden_pickaxe":1,"minecraft:diamond_pickaxe":1,"minecraft:stick":24,"minecraft:iron_ingot":66,"minecraft:iron_pickaxe":1,"minecraft:stone_sword":2,"iceandfire:silver_sword":3,"vampirism:coffin_black":1,"minecraft:coal":1,"minecraft:leather_boots":2,"minecraft:furnace":8,"ars_nouveau:archwood_slab":2,"minecraft:flint_and_steel":1,"ars_nouveau:novice_spell_book":1,"minecraft:iron_axe":2,"minecraft:stone_pickaxe":2,"minecraft:dark_oak_planks":2,"sophisticatedbackpacks:iron_backpack":3,"minecraft:cooked_beef":6,"iceandfire:silver_ingot":5,"ars_nouveau:imbuement_chamber":4,"minecraft:iron_sword":1,"sophisticatedbackpacks:gold_backpack":2,"minecraft:stone_axe":2,"minecraft:air":708,"minecraft:gold_nugget":14,"vampirism:blood_container":1,"minecraft:torch":22},"minecraft:mined":{"minecraft:dark_oak_planks":4,"minecraft:large_amethyst_bud":1,"minecraft:spruce_planks":1,"iceandfire:graveyard_soil":9,"allomancy:tin_ore":13,"minecraft:mossy_stone_brick_slab":1,"minecraft:brewing_stand":1,"minecraft:obsidian":3,"minecraft:spruce_trapdoor":6,"minecraft:granite":2,"minecraft:grass_block":78,"minecraft:light_gray_bed":1,"minecraft:white_concrete":10,"allomancy:aluminum_ore":11,"ars_nouveau:sourceberry_bush":13,"minecraft:mud_bricks":2,"minecraft:nether_wart":12,"minecraft:spawner":1,"minecraft:glowstone":22,"minecraft:dark_oak_trapdoor":3,"minecraft:iron_ore":47,"minecraft:fire":1,"minecraft:stripped_dark_oak_wood":2,"minecraft:nether_brick_stairs":2,"minecraft:dirt_path":1,"minecraft:small_amethyst_bud":5,"minecraft:black_candle":1,"minecraft:smooth_sandstone_stairs":2,"iceandfire:dread_stone_bricks_cracked":2,"minecraft:player_head":7,"minecraft:spruce_slab":4,"minecraft:polished_deepslate_stairs":1,"minecraft:medium_amethyst_bud":1,"minecraft:smoker":1,"minecraft:amethyst_cluster":1,"minecraft:powder_snow":16,"minecraft:note_block":3,"minecraft:spruce_wall_sign":2,"paganbless:belladonna_plant":1,"minecraft:nether_quartz_ore":15,"minecraft:cobblestone":16,"minecraft:cyan_bed":2,"minecraft:oak_planks":2,"minecraft:smooth_sandstone_slab":1,"minecraft:wall_torch":3,"minecraft:stone_stairs":3,"graveyard:oak_coffin":1,"minecraft:dark_oak_slab":11,"allomancy:lead_ore":1,"minecraft:birch_log":17,"minecraft:blue_ice":1,"minecraft:lilac":4,"realmrpg_skeletons:acrobat_skeleton":1,"minecraft:stripped_oak_wood":32,"minecraft:tnt":2,"minecraft:wither_rose":2,"primalmagick:moonwood_leaves":1,"minecraft:stone_brick_stairs":3,"primalmagick:quartz_ore":1,"minecraft:grass":24,"minecraft:oak_log":55,"minecraft:dirt":40,"minecraft:sand":37,"minecraft:deepslate":11,"iceandfire:dread_stone_bricks":1,"graveyard:small_cyan_urn":1,"paganbless:rue_plant":1,"minecraft:netherrack":3,"minecraft:oak_leaves":53,"minecraft:emerald_block":1,"realmrpg_skeletons:swimmer_skeleton":1,"iceandfire:silver_ore":5,"ars_nouveau:green_archwood_leaves":13,"minecraft:mangrove_wall_sign":1,"minecraft:ladder":6,"minecraft:dark_oak_fence":2,"minecraft:spruce_fence":7,"minecraft:spruce_leaves":15,"minecraft:redstone_ore":6,"minecraft:furnace":3,"minecraft:andesite":9,"minecraft:mossy_stone_brick_stairs":3,"minecraft:bookshelf":9,"minecraft:vine":4,"allomancy:zinc_ore":20,"minecraft:packed_ice":1,"irons_spellbooks:inscription_table":1,"minecraft:stone":169,"ars_nouveau:purple_archwood_log":60,"minecraft:podzol":1,"lootr:lootr_barrel":1,"ars_nouveau:green_archwood_log":59,"minecraft:soul_sand":20,"minecraft:stone_brick_slab":1,"minecraft:crafting_table":8,"minecraft:rose_bush":3,"minecraft:campfire":1,"minecraft:copper_ore":1,"minecraft:tall_grass":4,"theurgy:sal_ammoniac_ore":2,"minecraft:lapis_ore":13,"minecraft:diorite":14,"ars_nouveau:blue_archwood_leaves":19,"minecraft:spruce_stairs":13,"minecraft:lime_bed":1,"ars_nouveau:blue_archwood_log":65,"allomancy:chromium_ore":3,"ars_nouveau:purple_archwood_leaves":13,"minecraft:ice":1,"minecraft:spruce_log":6,"minecraft:birch_leaves":14,"minecraft:quartz_pillar":3,"minecraft:mangrove_slab":9,"minecraft:coal_ore":16,"minecraft:zombie_head":2,"minecraft:gray_carpet":1,"minecraft:cobweb":6,"minecraft:stone_bricks":3,"ars_nouveau:imbuement_chamber":4,"minecraft:mossy_stone_bricks":3,"pots_and_mimics:treasure_pot":1,"minecraft:iron_trapdoor":1,"minecraft:fern":1},"minecraft:killed_by":{"minecraft:zombie":1,"vampirism:vampire":15,"minecraft:vex":1,"minecraft:player":1},"minecraft:broken":{"minecraft:iron_leggings":1,"consecration:fire_stick":1,"iceandfire:silver_sword":1,"minecraft:stone_pickaxe":1,"minecraft:stone_axe":1,"minecraft:stone_sword":1,"minecraft:iron_axe":1,"minecraft:leather_boots":2,"minecraft:iron_pickaxe":1,"minecraft:iron_helmet":1},"minecraft:custom":{"lootr:looted_stat":80,"minecraft:interact_with_crafting_table":51,"minecraft:open_barrel":1,"goblintraders:trade_with_goblin":31,"minecraft:bell_ring":1,"minecraft:eat_cake_slice":10,"minecraft:leave_game":2,"minecraft:time_since_death":29001,"minecraft:damage_resisted":30,"minecraft:sprint_one_cm":654293,"minecraft:drop":61,"minecraft:play_noteblock":4,"minecraft:play_time":431898,"minecraft:deaths":25,"minecraft:interact_with_brewingstand":1,"minecraft:jump":4209,"minecraft:walk_on_water_one_cm":45185,"minecraft:interact_with_furnace":33,"minecraft:sleep_in_bed":5,"minecraft:waystone_activated":4,"minecraft:damage_dealt":28743,"minecraft:player_kills":1,"minecraft:crouch_one_cm":2105,"tombstone:undead_killed":36,"minecraft:mob_kills":172,"minecraft:damage_dealt_resisted":1204,"minecraft:climb_one_cm":13171,"minecraft:walk_one_cm":1287865,"minecraft:sneak_time":2566,"minecraft:walk_under_water_one_cm":20286,"minecraft:interact_with_lectern":1,"minecraft:total_world_time":431898,"tombstone:raider_killed":4,"minecraft:time_since_rest":28797,"minecraft:damage_taken":512993,"minecraft:trigger_trapped_chest":2,"minecraft:swim_one_cm":71962,"minecraft:fly_one_cm":1010377,"minecraft:open_chest":189,"minecraft:fall_one_cm":170518},"minecraft:used":{"minecraft:iron_shovel":118,"minecraft:ladder":3,"minecraft:chest":24,"minecraft:smooth_sandstone_stairs":2,"minecraft:obsidian":15,"minecraft:quartz_pillar":3,"minecraft:written_book":2,"minecraft:furnace":10,"ars_nouveau:green_archwood_log":2,"minecraft:dark_oak_stairs":1,"minecraft:oak_planks":1,"minecraft:stone_pickaxe":125,"minecraft:wooden_pickaxe":5,"iceandfire:dread_stone_bricks":1,"minecraft:cookie":4,"waystones:waystone":1,"minecraft:cyan_bed":2,"minecraft:white_concrete":8,"minecraft:stone_sword":107,"iceandfire:silver_sword":723,"minecraft:flint_and_steel":1,"ars_nouveau:archwood_slab":4,"minecraft:torch":15,"minecraft:dirt":32,"minecraft:dark_oak_planks":3,"minecraft:iron_axe":347,"ars_nouveau:imbuement_chamber":8,"evilcraft:flesh_humanoid":1,"minecraft:beef":2,"tombstone:gift":4,"minecraft:cooked_beef":4,"minecraft:cobbled_deepslate":1,"minecraft:cooked_mutton":6,"vampirism:altar_inspiration":1,"minecraft:smooth_sandstone_slab":1,"minecraft:crafting_table":12,"ars_nouveau:blue_archwood_log":1,"tombstone:bag_of_seeds":2,"minecraft:diamond_pickaxe":39,"minecraft:apple":1,"minecraft:iron_pickaxe":251,"minecraft:stone_axe":123,"minecraft:cobblestone":21,"vampirism:coffin_black":1},"minecraft:dropped":{"sophisticatedbackpacks:iron_backpack":1,"minecraft:porkchop":25,"minecraft:cooked_beef":12,"minecraft:ender_pearl":1,"minecraft:glass_bottle":1,"minecraft:crafting_table":1,"minecraft:cookie":5,"minecraft:mossy_stone_brick_stairs":3,"minecraft:item_frame":2,"minecraft:mutton":18,"tombstone:familiar_receptacle":1,"minecraft:stone_axe":1,"minecraft:cobbled_deepslate":12,"minecraft:wheat":2,"minecraft:rotten_flesh":16,"minecraft:oak_planks":8,"evilcraft:flesh_humanoid":2,"minecraft:leather_boots":2,"apotheosis:gem":2,"improvableskills:scroll_normal":1,"minecraft:beef":25,"minecraft:quartz":1,"minecraft:netherrack":3,"paganbless:rue_plant":1,"minecraft:iron_ingot":4,"minecraft:wheat_seeds":2,"minecraft:cobblestone":29,"minecraft:granite":4,"minecraft:chainmail_helmet":1,"minecraft:stick":6,"irons_spellbooks:scroll":1,"minecraft:diorite":3,"minecraft:iron_leggings":1,"minecraft:string":3,"minecraft:gray_carpet":1,"minecraft:stone_sword":2,"minecraft:iron_boots":1,"minecraft:lily_of_the_valley":1,"minecraft:flower_pot":1,"minecraft:iron_chestplate":1,"minecraft:oak_sapling":1,"minecraft:bow":1,"minecraft:stone_pickaxe":1,"minecraft:wooden_pickaxe":1},"minecraft:killed":{"vampirism:vampire":2,"vampirism:advanced_vampire":1,"minecraft:spider":7,"minecraft:skeleton":2,"minecraft:chicken":1,"realmrpg_demons:chort":6,"vampirism:advanced_hunter":1,"minecraft:wolf":1,"alexsmobs:grizzly_bear":1,"realmrpg_creep:creepling":4,"minecraft:iron_golem":2,"minecraft:creeper":1,"vampirism:hunter":14,"minecraft:sheep":5,"minecraft:pillager":4,"minecraft:zombie":29,"minecraft:blaze":2,"minecraft:cow":6,"realmrpg_creep:halloweed":1,"alexsmobs:raccoon":1,"graveyard:ghoul":2,"majruszsdifficulty:cursed_armor":2,"minecraft:squid":2,"iceandfire:ghost":2,"alexsmobs:crow":1,"minecraft:wither_skeleton":1}},"DataVersion":3465}