{"stats":{"minecraft:picked_up":{"minecraft:wheat":2,"vampirism:injection_garlic":1,"minecraft:crafting_table":6,"minecraft:allium":3,"minecraft:azure_bluet":1,"minecraft:chicken":1,"minecraft:ladder":6,"minecraft:flower_pot":1,"minecraft:wooden_pickaxe":1,"minecraft:enchanted_book":1,"minecraft:stone_brick_stairs":3,"primalmagick:mystical_relic_fragment":6,"minecraft:string":7,"minecraft:dark_oak_trapdoor":1,"minecraft:stone_stairs":3,"minecraft:iron_leggings":1,"minecraft:item_frame":3,"minecraft:zombie_head":2,"vampirism:obi_belt":2,"minecraft:cobbled_deepslate":13,"minecraft:beef":23,"alexsmobs:raccoon_tail":1,"minecraft:spruce_trapdoor":3,"minecraft:furnace":2,"minecraft:egg":5,"allomancy:raw_chromium":3,"minecraft:stick":13,"minecraft:raw_iron":48,"apotheosis:gem":10,"evilcraft:origins_of_darkness":1,"minecraft:torch":3,"minecraft:spruce_stairs":2,"minecraft:note_block":1,"minecraft:spruce_fence":2,"ars_nouveau:glyph_snare":1,"minecraft:porkchop":3,"tombstone:grave_dust":1,"minecraft:cookie":9,"minecraft:diorite":3,"minecraft:mangrove_sign":12,"graveyard:small_cyan_urn":1,"minecraft:redstone":15,"paganbless:cinnabar":3,"vampirism:blood_bottle":1,"minecraft:stone_sword":1,"minecraft:arrow":8,"minecraft:rotten_flesh":23,"minecraft:stripped_dark_oak_wood":2,"minecraft:gold_ingot":3,"ars_nouveau:sourceberry_bush":9,"minecraft:mutton":6,"minecraft:white_wool":3,"minecraft:cobblestone":319,"minecraft:feather":2,"minecraft:cooked_beef":9,"minecraft:leather":14,"minecraft:brown_wool":1,"minecraft:potato":2,"realmrpg_creep:creeping_sprout":3,"alexsmobs:bear_fur":2,"minecraft:oak_log":47,"evilcraft:flesh_humanoid":1,"minecraft:lapis_lazuli":88,"allomancy:raw_aluminum":8,"minecraft:mangrove_slab":4,"minecraft:dirt":34,"tombstone:familiar_receptacle":1,"paganbless:belladonna":1,"irons_spellbooks:common_ink":2,"minecraft:bone":9,"vampirism:human_heart":1,"minecraft:gray_carpet":1,"minecraft:apple":1,"theurgy:sal_ammoniac_crystal":2,"minecraft:stone_bricks":3,"minecraft:bow":1,"minecraft:wheat_seeds":2,"allomancy:raw_tin":13,"minecraft:stripped_oak_wood":16,"minecraft:mossy_stone_bricks":3,"minecraft:glass_bottle":3,"minecraft:mossy_stone_brick_stairs":6,"minecraft:book":18,"allomancy:raw_zinc":20,"minecraft:black_candle":4,"minecraft:stone_brick_slab":1,"vampirism:ring":2,"minecraft:quartz":2,"minecraft:dandelion":2,"minecraft:cyan_bed":1,"minecraft:spruce_log":6,"minecraft:lily_of_the_valley":4,"minecraft:mossy_stone_brick_slab":1,"minecraft:spider_eye":5,"graveyard:oak_coffin":1,"minecraft:yellow_carpet":1,"iceandfire:silver_sword":1,"minecraft:soul_lantern":1,"minecraft:iron_helmet":1,"minecraft:granite":4,"minecraft:crossbow":1,"naturescompass:naturescompass":1,"minecraft:spruce_sign":4,"minecraft:emerald":1,"alexsmobs:maggot":1,"paganbless:rue":1,"minecraft:oak_sapling":18,"minecraft:black_wool":1,"primalmagick:bloody_flesh":1,"minecraft:coal":18,"iceandfire:raw_silver":3},"minecraft:mined":{"realmrpg_skeletons:swimmer_skeleton":1,"allomancy:tin_ore":13,"iceandfire:silver_ore":3,"minecraft:mossy_stone_brick_slab":1,"minecraft:spruce_trapdoor":3,"minecraft:ladder":6,"minecraft:granite":2,"minecraft:spruce_fence":2,"minecraft:grass_block":9,"allomancy:aluminum_ore":11,"minecraft:spruce_leaves":9,"ars_nouveau:sourceberry_bush":4,"minecraft:redstone_ore":6,"minecraft:furnace":2,"minecraft:dark_oak_trapdoor":1,"minecraft:iron_ore":47,"minecraft:andesite":4,"minecraft:stripped_dark_oak_wood":2,"minecraft:mossy_stone_brick_stairs":3,"minecraft:bookshelf":6,"minecraft:vine":1,"allomancy:zinc_ore":20,"minecraft:black_candle":1,"minecraft:stone":156,"minecraft:stone_brick_slab":1,"minecraft:powder_snow":9,"minecraft:crafting_table":5,"minecraft:note_block":1,"paganbless:belladonna_plant":1,"minecraft:tall_grass":4,"minecraft:copper_ore":1,"minecraft:cobblestone":12,"minecraft:lapis_ore":13,"theurgy:sal_ammoniac_ore":2,"minecraft:cyan_bed":1,"minecraft:diorite":14,"minecraft:wall_torch":3,"minecraft:spruce_stairs":2,"minecraft:stone_stairs":3,"graveyard:oak_coffin":1,"allomancy:lead_ore":1,"allomancy:chromium_ore":3,"minecraft:spruce_log":6,"minecraft:birch_leaves":1,"realmrpg_skeletons:acrobat_skeleton":1,"minecraft:stripped_oak_wood":16,"minecraft:stone_brick_stairs":3,"primalmagick:quartz_ore":1,"minecraft:mangrove_slab":4,"minecraft:grass":11,"minecraft:oak_log":47,"minecraft:coal_ore":16,"minecraft:dirt":16,"minecraft:gray_carpet":1,"minecraft:cobweb":6,"graveyard:small_cyan_urn":1,"paganbless:rue_plant":1,"minecraft:stone_bricks":3,"minecraft:deepslate":11,"pots_and_mimics:treasure_pot":1,"minecraft:mossy_stone_bricks":3,"minecraft:oak_leaves":25},"minecraft:used":{"minecraft:stone_sword":107,"iceandfire:silver_sword":229,"minecraft:ladder":3,"minecraft:chest":24,"minecraft:torch":15,"evilcraft:flesh_humanoid":1,"minecraft:beef":2,"minecraft:written_book":2,"minecraft:furnace":4,"tombstone:gift":4,"minecraft:cooked_beef":4,"minecraft:cobbled_deepslate":1,"minecraft:cooked_mutton":6,"minecraft:oak_planks":1,"minecraft:stone_pickaxe":125,"minecraft:wooden_pickaxe":5,"minecraft:cookie":4,"minecraft:crafting_table":8,"minecraft:apple":1,"minecraft:cyan_bed":1,"minecraft:iron_pickaxe":174,"minecraft:stone_axe":123,"minecraft:cobblestone":14},"minecraft:custom":{"lootr:looted_stat":7,"minecraft:mob_kills":64,"minecraft:interact_with_crafting_table":25,"goblintraders:trade_with_goblin":31,"minecraft:damage_dealt_resisted":193,"minecraft:eat_cake_slice":3,"minecraft:time_since_death":440,"minecraft:climb_one_cm":3013,"minecraft:damage_resisted":0,"minecraft:sprint_one_cm":295091,"minecraft:walk_one_cm":491907,"minecraft:drop":37,"minecraft:play_noteblock":1,"minecraft:play_time":197761,"minecraft:deaths":22,"minecraft:sneak_time":768,"minecraft:walk_under_water_one_cm":16170,"minecraft:jump":2227,"minecraft:walk_on_water_one_cm":37461,"minecraft:total_world_time":197761,"minecraft:interact_with_furnace":20,"tombstone:raider_killed":1,"minecraft:sleep_in_bed":4,"minecraft:time_since_rest":199,"minecraft:damage_taken":507480,"minecraft:damage_dealt":12617,"minecraft:player_kills":1,"minecraft:fly_one_cm":328607,"minecraft:swim_one_cm":36110,"minecraft:open_chest":66,"minecraft:crouch_one_cm":1744,"tombstone:undead_killed":16,"minecraft:fall_one_cm":116731},"minecraft:broken":{"minecraft:stone_sword":1,"consecration:fire_stick":1,"minecraft:stone_pickaxe":1,"minecraft:leather_boots":1,"minecraft:stone_axe":1},"minecraft:crafted":{"minecraft:oak_planks":71,"minecraft:coal":1,"minecraft:furnace":2,"minecraft:cooked_mutton":6,"minecraft:stone_pickaxe":2,"minecraft:chest":25,"minecraft:dark_oak_planks":2,"sophisticatedbackpacks:iron_backpack":1,"minecraft:cooked_beef":6,"sophisticatedbackpacks:backpack":1,"iceandfire:silver_ingot":3,"minecraft:crafting_table":4,"minecraft:spruce_planks":6,"minecraft:wooden_pickaxe":1,"sophisticatedbackpacks:gold_backpack":1,"minecraft:stone_axe":2,"minecraft:air":372,"minecraft:stick":22,"minecraft:iron_ingot":66,"minecraft:iron_pickaxe":1,"minecraft:stone_sword":2,"minecraft:torch":22,"iceandfire:silver_sword":1},"minecraft:killed_by":{"vampirism:vampire":15,"minecraft:vex":1},"minecraft:killed":{"vampirism:vampire":1,"vampirism:advanced_vampire":1,"realmrpg_creep:halloweed":1,"alexsmobs:raccoon":1,"minecraft:spider":5,"minecraft:skeleton":1,"minecraft:chicken":1,"realmrpg_demons:chort":1,"minecraft:wolf":1,"alexsmobs:grizzly_bear":1,"realmrpg_creep:creepling":1,"vampirism:hunter":1,"minecraft:sheep":5,"minecraft:pillager":1,"minecraft:zombie":15,"alexsmobs:crow":1,"minecraft:cow":6},"minecraft:dropped":{"minecraft:wheat_seeds":2,"minecraft:cooked_beef":12,"minecraft:crafting_table":1,"minecraft:cookie":5,"minecraft:cobblestone":29,"minecraft:granite":4,"minecraft:mossy_stone_brick_stairs":3,"minecraft:item_frame":2,"minecraft:stick":6,"minecraft:diorite":3,"minecraft:string":3,"tombstone:familiar_receptacle":1,"minecraft:stone_axe":1,"minecraft:stone_sword":2,"minecraft:cobbled_deepslate":12,"minecraft:wheat":2,"minecraft:rotten_flesh":16,"minecraft:oak_planks":8,"evilcraft:flesh_humanoid":2,"minecraft:lily_of_the_valley":1,"minecraft:flower_pot":1,"apotheosis:gem":2,"minecraft:stone_pickaxe":1,"minecraft:beef":9,"minecraft:bow":1,"minecraft:wooden_pickaxe":1,"minecraft:quartz":1}},"DataVersion":3465}