{"stats":{"minecraft:broken":{"minecraft:golden_pickaxe":1},"minecraft:crafted":{"minecraft:diamond_axe":1,"minecraft:diamond_pickaxe":1},"minecraft:dropped":{"minecraft:oak_pressure_plate":2,"minecraft:iron_trapdoor":2,"minecraft:quartz_block":3},"minecraft:mined":{"minecraft:yellow_terracotta":19,"minecraft:quartz_block":15,"minecraft:cobblestone_stairs":16,"minecraft:oak_fence":4,"minecraft:glass":2,"minecraft:slime_block":20,"minecraft:sandstone":56,"minecraft:yellow_wool":15,"minecraft:fire":2,"minecraft:diamond_block":1,"minecraft:iron_bars":36,"lucky:lucky_block":29},"minecraft:picked_up":{"minecraft:enchanting_table":1,"minecraft:fishing_rod":1,"minecraft:magma_cream":7,"minecraft:clock":1,"minecraft:iron_trapdoor":2,"minecraft:splash_potion":1,"minecraft:ender_chest":2,"minecraft:nether_wart":3,"minecraft:yellow_wool":14,"minecraft:rabbit_stew":6,"minecraft:salmon":9,"minecraft:golden_pickaxe":1,"minecraft:diamond_sword":1,"minecraft:beacon":1,"minecraft:end_portal_frame":3,"minecraft:potato":73,"minecraft:golden_shovel":1,"minecraft:mushroom_stew":2,"minecraft:golden_sword":1,"minecraft:cobblestone_stairs":6,"minecraft:lapis_lazuli":7,"minecraft:zombie_villager_spawn_egg":1,"lucky:lucky_bow":1,"lucky:lucky_potion":22,"minecraft:cooked_salmon":2,"minecraft:cooked_mutton":2,"minecraft:quartz_slab":6,"minecraft:glass":1,"minecraft:pufferfish":4,"minecraft:apple":3,"minecraft:bow":1,"minecraft:gold_nugget":5,"lucky:lucky_sword":3,"minecraft:bucket":4,"minecraft:iron_ingot":3,"minecraft:cooked_chicken":1,"minecraft:redstone_torch":7,"minecraft:ender_eye":7,"minecraft:poppy":1,"minecraft:glowstone_dust":1,"minecraft:enchanted_golden_apple":1,"minecraft:quartz_stairs":9,"minecraft:diamond_hoe":1,"minecraft:book":14,"minecraft:ghast_tear":5,"minecraft:sandstone":51,"minecraft:milk_bucket":1,"minecraft:nether_quartz_ore":40,"minecraft:music_disc_blocks":2,"minecraft:oak_door":1,"minecraft:cooked_porkchop":4,"minecraft:jukebox":1,"minecraft:oak_fence":4,"minecraft:enderman_spawn_egg":1,"minecraft:quartz":26,"minecraft:oak_pressure_plate":3,"minecraft:poisonous_potato":11,"minecraft:lava_bucket":1,"minecraft:note_block":1,"minecraft:dropper":1,"minecraft:porkchop":1,"minecraft:golden_axe":1,"minecraft:melon":2,"minecraft:stone_button":1,"minecraft:redstone":1,"minecraft:carrot":1,"minecraft:fermented_spider_eye":6,"minecraft:diamond_block":1,"minecraft:spider_eye":4,"minecraft:rabbit_foot":4,"minecraft:stone_pressure_plate":1,"minecraft:tnt":4,"minecraft:quartz_block":32,"minecraft:diamond_shovel":1,"minecraft:diamond_chestplate":1,"minecraft:trader_llama_spawn_egg":1,"minecraft:diamond":4,"minecraft:tropical_fish":1,"minecraft:slime_block":20,"minecraft:golden_hoe":1,"minecraft:hay_block":8,"minecraft:painting":4,"minecraft:yellow_terracotta":14,"minecraft:bookshelf":12,"minecraft:emerald":6,"minecraft:glistering_melon_slice":3,"minecraft:saddle":1,"minecraft:gold_ingot":13,"minecraft:bread":1,"minecraft:baked_potato":25,"minecraft:blaze_rod":5,"minecraft:obsidian":31,"minecraft:mutton":1,"minecraft:iron_bars":34,"minecraft:cod":4,"minecraft:snowball":6,"minecraft:blaze_powder":6,"minecraft:diamond_pickaxe":1,"minecraft:ender_pearl":2},"minecraft:killed_by":{"minecraft:skeleton":1,"minecraft:zombie":1},"minecraft:used":{"minecraft:iron_bars":16,"minecraft:sandstone":51,"minecraft:ender_chest":1,"minecraft:quartz_stairs":5,"minecraft:yellow_terracotta":10,"minecraft:obsidian":31,"minecraft:diamond_pickaxe":114,"minecraft:diamond_shovel":1,"minecraft:slime_block":1,"minecraft:quartz_block":17,"minecraft:music_disc_blocks":1,"minecraft:bucket":1,"minecraft:jukebox":1,"lucky:lucky_potion":11,"minecraft:golden_pickaxe":32,"minecraft:golden_axe":24},"minecraft:custom":{"minecraft:inspect_dropper":8,"minecraft:play_record":1,"minecraft:traded_with_villager":2,"minecraft:time_since_death":18445,"minecraft:time_since_rest":18479,"minecraft:damage_taken":1777,"minecraft:damage_absorbed":50,"minecraft:open_enderchest":11,"minecraft:sprint_one_cm":11682,"minecraft:walk_one_cm":104530,"minecraft:drop":7,"minecraft:damage_dealt":121,"minecraft:talked_to_villager":2,"minecraft:fly_one_cm":16100,"minecraft:crouch_one_cm":18219,"minecraft:play_time":39593,"minecraft:deaths":7,"minecraft:sneak_time":4781,"minecraft:jump":87,"minecraft:total_world_time":39593,"minecraft:fall_one_cm":5834}},"DataVersion":3578}