{"stats":{"minecraft:picked_up":{"minecraft:wheat":2,"vampirism:injection_garlic":1,"minecraft:crafting_table":5,"minecraft:allium":3,"minecraft:azure_bluet":1,"minecraft:chicken":1,"minecraft:ladder":6,"minecraft:flower_pot":1,"minecraft:wooden_pickaxe":1,"minecraft:stone_brick_stairs":3,"primalmagick:mystical_relic_fragment":1,"minecraft:dark_oak_trapdoor":1,"minecraft:stone_stairs":3,"minecraft:item_frame":3,"minecraft:zombie_head":2,"minecraft:beef":14,"minecraft:spruce_trapdoor":3,"minecraft:egg":2,"minecraft:stick":13,"minecraft:raw_iron":15,"apotheosis:gem":6,"minecraft:spruce_stairs":2,"minecraft:note_block":1,"minecraft:spruce_fence":2,"ars_nouveau:glyph_snare":1,"minecraft:cookie":4,"minecraft:mangrove_sign":12,"graveyard:small_cyan_urn":1,"minecraft:stone_sword":1,"minecraft:arrow":6,"minecraft:rotten_flesh":9,"minecraft:stripped_dark_oak_wood":2,"ars_nouveau:sourceberry_bush":9,"minecraft:mutton":6,"minecraft:white_wool":3,"minecraft:cobblestone":45,"minecraft:feather":2,"minecraft:leather":12,"minecraft:brown_wool":1,"realmrpg_creep:creeping_sprout":3,"minecraft:oak_log":47,"allomancy:raw_aluminum":8,"minecraft:mangrove_slab":4,"minecraft:dirt":30,"paganbless:belladonna":1,"irons_spellbooks:common_ink":2,"minecraft:bone":5,"minecraft:gray_carpet":1,"minecraft:apple":1,"theurgy:sal_ammoniac_crystal":2,"minecraft:stone_bricks":3,"minecraft:bow":1,"minecraft:wheat_seeds":1,"allomancy:raw_tin":13,"minecraft:stripped_oak_wood":16,"minecraft:mossy_stone_bricks":3,"minecraft:mossy_stone_brick_stairs":6,"minecraft:book":18,"minecraft:black_candle":4,"minecraft:stone_brick_slab":1,"minecraft:quartz":2,"minecraft:dandelion":2,"minecraft:cyan_bed":1,"minecraft:spruce_log":6,"minecraft:lily_of_the_valley":4,"minecraft:mossy_stone_brick_slab":1,"minecraft:spider_eye":1,"graveyard:oak_coffin":1,"minecraft:yellow_carpet":1,"minecraft:soul_lantern":1,"minecraft:crossbow":1,"naturescompass:naturescompass":1,"minecraft:spruce_sign":4,"minecraft:emerald":1,"alexsmobs:maggot":1,"paganbless:rue":1,"minecraft:oak_sapling":18,"minecraft:black_wool":1,"primalmagick:bloody_flesh":1,"minecraft:coal":18,"iceandfire:raw_silver":3},"minecraft:mined":{"realmrpg_skeletons:swimmer_skeleton":1,"allomancy:tin_ore":13,"iceandfire:silver_ore":3,"minecraft:mossy_stone_brick_slab":1,"minecraft:spruce_trapdoor":3,"minecraft:ladder":6,"minecraft:spruce_fence":2,"minecraft:grass_block":8,"allomancy:aluminum_ore":11,"minecraft:spruce_leaves":7,"ars_nouveau:sourceberry_bush":4,"minecraft:dark_oak_trapdoor":1,"minecraft:iron_ore":16,"minecraft:stripped_dark_oak_wood":2,"minecraft:mossy_stone_brick_stairs":3,"minecraft:bookshelf":6,"minecraft:black_candle":1,"minecraft:stone":17,"minecraft:stone_brick_slab":1,"minecraft:powder_snow":9,"minecraft:crafting_table":4,"minecraft:note_block":1,"paganbless:belladonna_plant":1,"minecraft:cobblestone":11,"theurgy:sal_ammoniac_ore":2,"minecraft:cyan_bed":1,"minecraft:spruce_stairs":2,"minecraft:stone_stairs":3,"graveyard:oak_coffin":1,"minecraft:spruce_log":6,"realmrpg_skeletons:acrobat_skeleton":1,"minecraft:stripped_oak_wood":16,"minecraft:stone_brick_stairs":3,"primalmagick:quartz_ore":1,"minecraft:mangrove_slab":4,"minecraft:grass":3,"minecraft:oak_log":47,"minecraft:coal_ore":16,"minecraft:dirt":15,"minecraft:gray_carpet":1,"graveyard:small_cyan_urn":1,"paganbless:rue_plant":1,"minecraft:stone_bricks":3,"minecraft:mossy_stone_bricks":3,"minecraft:oak_leaves":22},"minecraft:used":{"minecraft:stone_sword":107,"iceandfire:silver_sword":70,"minecraft:ladder":3,"minecraft:chest":24,"minecraft:torch":12,"evilcraft:flesh_humanoid":1,"minecraft:beef":2,"minecraft:written_book":2,"minecraft:furnace":1,"tombstone:gift":4,"minecraft:cooked_beef":4,"minecraft:cooked_mutton":6,"minecraft:stone_pickaxe":119,"minecraft:wooden_pickaxe":5,"minecraft:cookie":4,"minecraft:crafting_table":5,"minecraft:apple":1,"minecraft:cyan_bed":1,"minecraft:stone_axe":122,"minecraft:cobblestone":1},"minecraft:custom":{"lootr:looted_stat":5,"minecraft:mob_kills":41,"minecraft:interact_with_crafting_table":15,"minecraft:damage_dealt_resisted":193,"minecraft:eat_cake_slice":3,"minecraft:time_since_death":7551,"minecraft:climb_one_cm":3013,"minecraft:sprint_one_cm":190383,"minecraft:walk_one_cm":332072,"minecraft:drop":6,"minecraft:play_noteblock":1,"minecraft:play_time":125761,"minecraft:deaths":18,"minecraft:sneak_time":413,"minecraft:walk_under_water_one_cm":2418,"minecraft:jump":1443,"minecraft:walk_on_water_one_cm":5621,"minecraft:total_world_time":125761,"minecraft:interact_with_furnace":9,"tombstone:raider_killed":1,"minecraft:sleep_in_bed":4,"minecraft:time_since_rest":6966,"minecraft:damage_taken":105554,"minecraft:damage_dealt":6404,"minecraft:fly_one_cm":238359,"minecraft:swim_one_cm":26024,"minecraft:open_chest":45,"minecraft:crouch_one_cm":862,"tombstone:undead_killed":10,"minecraft:fall_one_cm":94512},"minecraft:broken":{"minecraft:stone_sword":1,"consecration:fire_stick":1,"minecraft:leather_boots":1,"minecraft:stone_axe":1},"minecraft:crafted":{"minecraft:oak_planks":55,"minecraft:furnace":1,"minecraft:cooked_mutton":6,"minecraft:stone_pickaxe":2,"minecraft:chest":24,"minecraft:dark_oak_planks":2,"minecraft:cooked_beef":6,"iceandfire:silver_ingot":3,"minecraft:crafting_table":3,"minecraft:spruce_planks":6,"minecraft:wooden_pickaxe":1,"minecraft:stone_axe":2,"minecraft:air":288,"minecraft:stick":16,"minecraft:stone_sword":2,"minecraft:torch":3,"iceandfire:silver_sword":1},"minecraft:killed_by":{"vampirism:vampire":15,"minecraft:vex":1},"minecraft:killed":{"realmrpg_creep:halloweed":1,"minecraft:spider":3,"minecraft:chicken":1,"realmrpg_demons:chort":1,"minecraft:wolf":1,"realmrpg_creep:creepling":1,"minecraft:sheep":5,"minecraft:pillager":1,"minecraft:zombie":10,"alexsmobs:crow":1,"minecraft:cow":6},"minecraft:dropped":{"minecraft:wheat_seeds":1,"minecraft:crafting_table":1,"minecraft:mossy_stone_brick_stairs":3,"minecraft:stone_sword":2,"minecraft:wooden_pickaxe":1}},"DataVersion":3465}