{"stats":{"minecraft:mined":{"minecraft:spruce_log":6,"minecraft:grass":1,"minecraft:bookshelf":6,"minecraft:grass_block":4,"minecraft:oak_log":47,"minecraft:dirt":8,"minecraft:cobblestone":3,"minecraft:spruce_leaves":7,"minecraft:stone":2,"minecraft:oak_leaves":19},"minecraft:picked_up":{"minecraft:book":18,"minecraft:stick":13,"apotheosis:gem":4,"minecraft:wooden_pickaxe":1,"minecraft:oak_log":47,"minecraft:spruce_log":6,"minecraft:dirt":19,"minecraft:apple":1,"minecraft:soul_lantern":1,"minecraft:oak_sapling":18,"minecraft:cobblestone":12},"minecraft:used":{"minecraft:stone_sword":12,"minecraft:stone_pickaxe":5,"minecraft:wooden_pickaxe":5,"minecraft:stone_axe":64,"minecraft:crafting_table":2,"minecraft:written_book":1},"minecraft:custom":{"minecraft:time_since_rest":15561,"lootr:looted_stat":2,"minecraft:sprint_one_cm":25272,"minecraft:damage_taken":127,"minecraft:walk_one_cm":51143,"minecraft:drop":2,"minecraft:damage_dealt":59,"minecraft:interact_with_crafting_table":5,"minecraft:fly_one_cm":18836,"minecraft:crouch_one_cm":320,"minecraft:play_time":29761,"minecraft:sneak_time":80,"minecraft:jump":140,"minecraft:eat_cake_slice":3,"minecraft:time_since_death":29761,"minecraft:sleep_in_bed":1,"minecraft:climb_one_cm":932,"minecraft:total_world_time":29761,"minecraft:fall_one_cm":13072},"minecraft:crafted":{"minecraft:crafting_table":2,"minecraft:spruce_planks":6,"minecraft:stick":8,"minecraft:wooden_pickaxe":1,"minecraft:stone_pickaxe":1,"minecraft:stone_sword":2,"minecraft:stone_axe":1,"minecraft:air":24},"minecraft:dropped":{"minecraft:stone_sword":1,"minecraft:wooden_pickaxe":1}},"DataVersion":3465}