{"stats":{"minecraft:picked_up":{"minecraft:crafting_table":3,"minecraft:allium":3,"minecraft:azure_bluet":1,"minecraft:feather":2,"minecraft:chicken":1,"minecraft:ladder":6,"minecraft:brown_wool":1,"minecraft:leather":7,"minecraft:wooden_pickaxe":1,"minecraft:stone_brick_stairs":3,"minecraft:oak_log":47,"allomancy:raw_aluminum":5,"minecraft:dirt":30,"minecraft:mangrove_slab":4,"minecraft:dark_oak_trapdoor":1,"paganbless:belladonna":1,"minecraft:item_frame":1,"minecraft:bone":2,"minecraft:stone_bricks":3,"minecraft:apple":1,"minecraft:gray_carpet":1,"minecraft:wheat_seeds":1,"allomancy:raw_tin":3,"minecraft:beef":8,"minecraft:mossy_stone_bricks":3,"minecraft:stripped_oak_wood":16,"minecraft:mossy_stone_brick_stairs":3,"minecraft:spruce_trapdoor":3,"minecraft:egg":1,"minecraft:book":18,"minecraft:stick":13,"minecraft:black_candle":4,"apotheosis:gem":4,"minecraft:stone_brick_slab":1,"minecraft:dandelion":2,"minecraft:spruce_stairs":2,"minecraft:spruce_fence":2,"minecraft:note_block":1,"graveyard:small_cyan_urn":1,"minecraft:lily_of_the_valley":3,"minecraft:cookie":4,"minecraft:mangrove_sign":12,"minecraft:spruce_log":6,"minecraft:cyan_bed":1,"minecraft:mossy_stone_brick_slab":1,"graveyard:oak_coffin":1,"minecraft:yellow_carpet":1,"minecraft:soul_lantern":1,"minecraft:stripped_dark_oak_wood":2,"minecraft:spruce_sign":4,"ars_nouveau:sourceberry_bush":9,"minecraft:oak_sapling":18,"paganbless:rue":1,"minecraft:black_wool":1,"minecraft:mutton":6,"minecraft:coal":2,"minecraft:white_wool":3,"minecraft:cobblestone":26},"minecraft:mined":{"realmrpg_skeletons:swimmer_skeleton":1,"allomancy:tin_ore":3,"minecraft:mossy_stone_brick_slab":1,"minecraft:stone_brick_slab":1,"minecraft:crafting_table":2,"minecraft:spruce_trapdoor":3,"minecraft:note_block":1,"minecraft:ladder":6,"minecraft:grass_block":8,"minecraft:spruce_fence":2,"paganbless:belladonna_plant":1,"minecraft:cobblestone":10,"allomancy:aluminum_ore":5,"minecraft:spruce_leaves":7,"minecraft:cyan_bed":1,"ars_nouveau:sourceberry_bush":4,"minecraft:spruce_stairs":2,"graveyard:oak_coffin":1,"minecraft:dark_oak_trapdoor":1,"minecraft:spruce_log":6,"realmrpg_skeletons:acrobat_skeleton":1,"minecraft:stripped_oak_wood":16,"minecraft:stone_brick_stairs":3,"minecraft:stripped_dark_oak_wood":2,"minecraft:mossy_stone_brick_stairs":3,"minecraft:grass":3,"minecraft:mangrove_slab":4,"minecraft:bookshelf":6,"minecraft:oak_log":47,"minecraft:dirt":15,"minecraft:black_candle":1,"minecraft:gray_carpet":1,"graveyard:small_cyan_urn":1,"paganbless:rue_plant":1,"minecraft:stone_bricks":3,"minecraft:stone":9,"minecraft:mossy_stone_bricks":3,"minecraft:oak_leaves":21},"minecraft:used":{"minecraft:stone_sword":58,"minecraft:stone_pickaxe":46,"minecraft:ladder":3,"minecraft:chest":24,"minecraft:wooden_pickaxe":5,"minecraft:cookie":4,"minecraft:crafting_table":4,"minecraft:apple":1,"minecraft:cyan_bed":1,"evilcraft:flesh_humanoid":1,"minecraft:stone_axe":108,"minecraft:beef":2,"minecraft:written_book":1,"tombstone:gift":4},"minecraft:custom":{"lootr:looted_stat":2,"minecraft:mob_kills":11,"minecraft:interact_with_crafting_table":6,"minecraft:eat_cake_slice":3,"minecraft:time_since_death":3604,"minecraft:sleep_in_bed":4,"minecraft:climb_one_cm":2204,"minecraft:time_since_rest":2594,"minecraft:sprint_one_cm":86335,"minecraft:damage_taken":4377,"minecraft:walk_one_cm":185995,"minecraft:drop":4,"minecraft:damage_dealt":1309,"minecraft:play_noteblock":1,"minecraft:swim_one_cm":11705,"minecraft:fly_one_cm":112350,"minecraft:open_chest":16,"minecraft:crouch_one_cm":743,"minecraft:play_time":65761,"minecraft:deaths":17,"minecraft:sneak_time":366,"minecraft:walk_under_water_one_cm":1831,"minecraft:jump":643,"minecraft:walk_on_water_one_cm":2472,"minecraft:total_world_time":65761,"minecraft:fall_one_cm":37395},"minecraft:broken":{"minecraft:leather_boots":1},"minecraft:crafted":{"minecraft:oak_planks":47,"minecraft:crafting_table":2,"minecraft:spruce_planks":6,"minecraft:wooden_pickaxe":1,"minecraft:stone_axe":1,"minecraft:air":236,"minecraft:stick":8,"minecraft:stone_pickaxe":1,"minecraft:stone_sword":2,"minecraft:chest":24},"minecraft:killed_by":{"vampirism:vampire":15,"minecraft:vex":1},"minecraft:killed":{"minecraft:sheep":5,"minecraft:chicken":1,"realmrpg_demons:chort":1,"minecraft:cow":4},"minecraft:dropped":{"minecraft:wheat_seeds":1,"minecraft:stone_sword":1,"minecraft:crafting_table":1,"minecraft:wooden_pickaxe":1}},"DataVersion":3465}