{"stats":{"minecraft:mined":{"minecraft:spruce_stairs":2,"minecraft:dark_oak_trapdoor":1,"minecraft:stripped_dark_oak_wood":2,"minecraft:spruce_log":6,"minecraft:stripped_oak_wood":16,"minecraft:crafting_table":2,"minecraft:spruce_trapdoor":3,"minecraft:note_block":1,"minecraft:ladder":6,"minecraft:spruce_fence":2,"minecraft:grass":1,"minecraft:mangrove_slab":4,"minecraft:bookshelf":6,"minecraft:grass_block":4,"minecraft:oak_log":47,"minecraft:dirt":8,"minecraft:gray_carpet":1,"minecraft:cobblestone":3,"minecraft:spruce_leaves":7,"minecraft:cyan_bed":1,"minecraft:stone":2,"minecraft:oak_leaves":21},"minecraft:picked_up":{"minecraft:book":18,"minecraft:stick":13,"minecraft:crafting_table":3,"apotheosis:gem":4,"minecraft:ladder":6,"minecraft:wooden_pickaxe":1,"minecraft:spruce_stairs":2,"minecraft:note_block":1,"minecraft:spruce_fence":2,"minecraft:dark_oak_trapdoor":1,"minecraft:cyan_bed":1,"minecraft:oak_log":47,"minecraft:mangrove_sign":12,"minecraft:spruce_log":6,"minecraft:item_frame":1,"minecraft:mangrove_slab":4,"minecraft:dirt":19,"minecraft:yellow_carpet":1,"minecraft:apple":1,"minecraft:gray_carpet":1,"minecraft:soul_lantern":1,"minecraft:stripped_dark_oak_wood":2,"minecraft:spruce_sign":4,"minecraft:stripped_oak_wood":16,"minecraft:oak_sapling":18,"minecraft:spruce_trapdoor":3,"minecraft:cobblestone":12},"minecraft:used":{"minecraft:stone_sword":36,"evilcraft:flesh_humanoid":1,"minecraft:cyan_bed":1,"minecraft:stone_pickaxe":5,"minecraft:ladder":3,"minecraft:chest":24,"minecraft:wooden_pickaxe":5,"minecraft:stone_axe":107,"minecraft:crafting_table":4,"minecraft:written_book":1},"minecraft:custom":{"minecraft:time_since_rest":165,"lootr:looted_stat":2,"minecraft:sprint_one_cm":52572,"minecraft:damage_taken":4117,"minecraft:walk_one_cm":136525,"minecraft:drop":3,"minecraft:damage_dealt":329,"minecraft:play_noteblock":1,"minecraft:open_chest":13,"minecraft:interact_with_crafting_table":6,"minecraft:fly_one_cm":63409,"minecraft:crouch_one_cm":743,"minecraft:play_time":53761,"minecraft:deaths":16,"minecraft:sneak_time":357,"minecraft:jump":418,"minecraft:eat_cake_slice":3,"minecraft:time_since_death":1628,"minecraft:sleep_in_bed":4,"minecraft:climb_one_cm":2204,"minecraft:total_world_time":53761,"minecraft:fall_one_cm":17096},"minecraft:broken":{"minecraft:leather_boots":1},"minecraft:crafted":{"minecraft:oak_planks":47,"minecraft:crafting_table":2,"minecraft:spruce_planks":6,"minecraft:stick":8,"minecraft:wooden_pickaxe":1,"minecraft:stone_pickaxe":1,"minecraft:stone_sword":2,"minecraft:chest":24,"minecraft:stone_axe":1,"minecraft:air":236},"minecraft:killed_by":{"vampirism:vampire":15},"minecraft:dropped":{"minecraft:stone_sword":1,"minecraft:crafting_table":1,"minecraft:wooden_pickaxe":1}},"DataVersion":3465}