{"stats":{"minecraft:broken":{"minecraft:leather_boots":1},"minecraft:crafted":{"minecraft:oak_planks":10,"minecraft:furnace":1,"minecraft:cooked_mutton":12,"minecraft:iron_axe":1,"twilightforest:naga_leggings":1,"minecraft:wheat":10,"minecraft:cooked_beef":6,"minecraft:cooked_porkchop":10,"minecraft:crafting_table":2,"minecraft:iron_sword":1,"minecraft:bread":30,"minecraft:air":153,"minecraft:stick":1,"iceandfire:silver_sword":2},"minecraft:picked_up":{"irons_spellbooks:scroll":1,"iceandfire:dread_stone_bricks":8,"minecraft:crafting_table":3,"minecraft:iron_chestplate":2,"minecraft:azure_bluet":1,"minecraft:stone_brick_stairs":2,"twilightforest:nagastone":1,"minecraft:cornflower":1,"minecraft:string":9,"minecraft:smooth_stone_slab":3,"minecraft:iron_leggings":1,"minecraft:cracked_stone_bricks":4,"irons_spellbooks:arcane_essence":1,"minecraft:beef":16,"minecraft:cobblestone_slab":4,"minecraft:poppy":2,"minecraft:iron_pickaxe":1,"minecraft:sugar_cane":11,"irons_spellbooks:inscription_table":1,"minecraft:iron_boots":1,"minecraft:furnace":1,"minecraft:stick":2,"apotheosis:gem":1,"twilightforest:cracked_etched_nagastone":2,"minecraft:porkchop":31,"minecraft:cookie":5,"tombstone:grave_dust":2,"minecraft:carrot":5,"twilightforest:firefly":15,"minecraft:smooth_sandstone_slab":1,"minecraft:arrow":2,"minecraft:rotten_flesh":6,"twilightforest:cicada":3,"twilightforest:etched_nagastone":3,"minecraft:stripped_dark_oak_wood":3,"tombstone:essence_of_undeath":1,"minecraft:deepslate_brick_stairs":1,"minecraft:mutton":2,"minecraft:cobblestone":1,"minecraft:oxeye_daisy":2,"minecraft:mossy_cobblestone_slab":2,"minecraft:andesite":1,"minecraft:leather":1,"minecraft:golden_leggings":1,"minecraft:oak_log":7,"twilightforest:mossy_nagastone_pillar":2,"iceandfire:dread_stone_bricks_cracked":8,"minecraft:dirt":30,"minecraft:leather_boots":1,"minecraft:bone":2,"vampirism:human_heart":3,"minecraft:apple":13,"minecraft:stone_bricks":7,"primalmagick:heartwood":1,"minecraft:wheat_seeds":4,"allomancy:raw_tin":2,"minecraft:iron_ingot":4,"minecraft:mossy_stone_bricks":3,"minecraft:iron_sword":2,"minecraft:oak_planks":3,"minecraft:book":2,"twilightforest:nagastone_pillar":2,"minecraft:chiseled_stone_bricks":1,"minecraft:dandelion":9,"twilightforest:cracked_nagastone_pillar":2,"sophisticatedbackpacks:iron_backpack":3,"minecraft:spider_eye":2,"minecraft:mossy_cobblestone":6,"iceandfire:silver_sword":3,"iceandfire:dread_stone_bricks_mossy":3,"minecraft:iron_helmet":4,"minecraft:bread":6,"minecraft:chainmail_helmet":1,"twilightforest:spiral_bricks":8,"twilightforest:torchberries":2,"paganbless:rue":1,"minecraft:oak_sapling":5,"primalmagick:bloody_flesh":2},"minecraft:used":{"iceandfire:silver_sword":251,"twilightforest:torchberries":1,"minecraft:iron_sword":45,"minecraft:cooked_chicken":8,"minecraft:iron_chestplate":2,"minecraft:dirt":24,"minecraft:mutton":2,"minecraft:carrot":2,"minecraft:azure_bluet":1,"minecraft:stripped_dark_oak_wood":3,"minecraft:iron_axe":7,"minecraft:iron_helmet":2,"minecraft:iron_boots":1,"minecraft:stone_bricks":2,"minecraft:beef":10,"minecraft:furnace":1,"minecraft:goat_horn":2,"tombstone:gift":2,"minecraft:cooked_beef":7,"minecraft:cooked_mutton":3,"twilightforest:naga_trophy":1,"minecraft:water_bucket":3,"minecraft:smooth_sandstone_slab":1,"iceandfire:dread_stone_bricks":1,"minecraft:leather_boots":1,"minecraft:cookie":5,"minecraft:crafting_table":3,"iceandfire:dread_stone_bricks_mossy":1,"minecraft:cornflower":1,"minecraft:oxeye_daisy":2,"minecraft:bread":12,"minecraft:map":1,"minecraft:iron_pickaxe":30,"vampirism:hunter_coat_head_normal":1,"minecraft:cobblestone":2,"minecraft:porkchop":21,"minecraft:cooked_porkchop":10,"minecraft:andesite":1,"minecraft:bucket":3,"minecraft:dandelion":8,"twilightforest:cicada":2,"structurize:sceptergold":1},"minecraft:custom":{"lootr:looted_stat":28,"minecraft:mob_kills":37,"minecraft:interact_with_crafting_table":13,"minecraft:damage_dealt_resisted":283,"minecraft:leave_game":1,"minecraft:time_since_death":1619,"minecraft:climb_one_cm":12184,"minecraft:damage_resisted":0,"minecraft:sprint_one_cm":307730,"minecraft:walk_one_cm":253325,"minecraft:drop":88,"minecraft:talked_to_villager":1,"minecraft:play_time":128553,"minecraft:deaths":1,"minecraft:sneak_time":2824,"minecraft:walk_under_water_one_cm":12647,"minecraft:jump":1947,"minecraft:walk_on_water_one_cm":9623,"minecraft:total_world_time":128553,"minecraft:interact_with_furnace":29,"minecraft:tune_noteblock":3,"minecraft:sleep_in_bed":1,"minecraft:time_since_rest":876,"minecraft:waystone_activated":1,"minecraft:damage_taken":3705,"minecraft:damage_dealt":10492,"minecraft:swim_one_cm":27308,"minecraft:fly_one_cm":570275,"minecraft:open_chest":44,"minecraft:crouch_one_cm":5287,"tombstone:undead_killed":5,"minecraft:fall_one_cm":57264},"minecraft:dropped":{"twilightforest:nagastone":1,"sophisticatedbackpacks:iron_backpack":2,"minecraft:bread":12,"minecraft:wheat_seeds":4,"vampirism:human_heart":3,"minecraft:mossy_cobblestone":6,"minecraft:diamond":1,"minecraft:cobblestone":1,"minecraft:lead":1,"minecraft:book":4,"minecraft:apple":26,"improvableskills:parchment_fragment":1,"minecraft:leather":2,"minecraft:cracked_stone_bricks":4,"twilightforest:etched_nagastone":3,"iceandfire:dread_stone_bricks_cracked":8,"minecraft:stick":2,"minecraft:dirt":6,"minecraft:deepslate_brick_stairs":1,"minecraft:mossy_cobblestone_slab":2,"minecraft:leather_horse_armor":1,"twilightforest:spiral_bricks":8,"twilightforest:mossy_nagastone_pillar":2,"iceandfire:dread_stone_bricks":7,"irons_spellbooks:arcane_essence":1,"iceandfire:stymphalian_arrow":1,"twilightforest:cracked_etched_nagastone":2,"iceandfire:ash":5,"vampirism:ring":1,"minecraft:paper":5,"minecraft:string":7,"minecraft:dandelion":1,"minecraft:bone":2,"ars_nouveau:wilden_spike":3,"minecraft:smooth_stone_slab":3,"minecraft:rotten_flesh":6,"minecraft:oak_planks":1,"alexsmobs:ancient_dart":1,"twilightforest:torchberries":1,"minecraft:carrot":10,"paganbless:rue":1,"minecraft:chiseled_stone_bricks":1,"minecraft:filled_map":1,"minecraft:poppy":2,"iceandfire:dread_stone_bricks_mossy":2,"minecraft:cobblestone_slab":4,"twilightforest:cracked_nagastone_pillar":2,"minecraft:mossy_stone_bricks":3,"apotheosis:gem":1,"minecraft:leather_boots":1,"minecraft:golden_leggings":1,"iceandfire:dragonbone_arrow":1,"minecraft:oak_sapling":5,"minecraft:stone_bricks":5,"minecraft:spider_eye":2,"minecraft:arrow":2,"minecraft:stone_brick_stairs":2,"twilightforest:nagastone_pillar":2,"iceandfire:manuscript":6,"primalmagick:heartwood":1},"minecraft:killed":{"minecraft:spider":3,"irons_spellbooks:summoned_polar_bear":1,"minecraft:skeleton":2,"twilightforest:naga":1,"minecraft:bee":1,"twilightforest:swarm_spider":1,"twilightforest:hedge_spider":10,"iceandfire:dread_scuttler":1,"primalmagick:treefolk":1,"twilightforest:skeleton_druid":2,"vampirism:hunter":4,"minecraft:zombie":1},"minecraft:killed_by":{"irons_spellbooks:summoned_skeleton":1},"minecraft:mined":{"twilightforest:firefly":1,"minecraft:grass_block":11,"minecraft:oxeye_daisy":2,"minecraft:spawner":6,"minecraft:tall_seagrass":1,"minecraft:furnace":1,"minecraft:fire":30,"minecraft:azure_bluet":1,"irons_spellbooks:inscription_table":1,"minecraft:stone":1,"iceandfire:dread_stone_bricks_cracked":8,"minecraft:dandelion":9,"minecraft:crafting_table":2,"minecraft:cornflower":1,"minecraft:tall_grass":7,"minecraft:sugar_cane":2,"twilightforest:cicada":3,"minecraft:birch_leaves":1,"minecraft:grass":4,"iceandfire:dread_stone_bricks_mossy":4,"minecraft:oak_log":7,"minecraft:dirt":1,"paganbless:rue_plant":1,"iceandfire:dread_stone_bricks":8,"minecraft:oak_leaves":1}},"DataVersion":3465}